Kassenart;Quelle;Erstellungsdatum;Typ;Risikogruppe;Einheit;Wert
GKV;Grundlagenbescheid;20. Nov 17;AGG;AGG001;VT;60613409
GKV;Grundlagenbescheid;20. Nov 17;AGG;AGG002;VT;562534564
GKV;Grundlagenbescheid;20. Nov 17;AGG;AGG003;VT;773626236
GKV;Grundlagenbescheid;20. Nov 17;AGG;AGG004;VT;599856799
GKV;Grundlagenbescheid;20. Nov 17;AGG;AGG005;VT;977444282
GKV;Grundlagenbescheid;20. Nov 17;AGG;AGG006;VT;859037124
GKV;Grundlagenbescheid;20. Nov 17;AGG;AGG007;VT;843892000
GKV;Grundlagenbescheid;20. Nov 17;AGG;AGG008;VT;828867982
GKV;Grundlagenbescheid;20. Nov 17;AGG;AGG009;VT;780945517
GKV;Grundlagenbescheid;20. Nov 17;AGG;AGG010;VT;1015580695
GKV;Grundlagenbescheid;20. Nov 17;AGG;AGG011;VT;1143517205
GKV;Grundlagenbescheid;20. Nov 17;AGG;AGG012;VT;1025605224
GKV;Grundlagenbescheid;20. Nov 17;AGG;AGG013;VT;870020884
GKV;Grundlagenbescheid;20. Nov 17;AGG;AGG014;VT;764764847
GKV;Grundlagenbescheid;20. Nov 17;AGG;AGG015;VT;633932874
GKV;Grundlagenbescheid;20. Nov 17;AGG;AGG016;VT;804877148
GKV;Grundlagenbescheid;20. Nov 17;AGG;AGG017;VT;545355324
GKV;Grundlagenbescheid;20. Nov 17;AGG;AGG018;VT;341883088
GKV;Grundlagenbescheid;20. Nov 17;AGG;AGG019;VT;164066317
GKV;Grundlagenbescheid;20. Nov 17;AGG;AGG020;VT;43792278
GKV;Grundlagenbescheid;20. Nov 17;AGG;AGG021;VT;63712030
GKV;Grundlagenbescheid;20. Nov 17;AGG;AGG022;VT;593412057
GKV;Grundlagenbescheid;20. Nov 17;AGG;AGG023;VT;816575179
GKV;Grundlagenbescheid;20. Nov 17;AGG;AGG024;VT;635493173
GKV;Grundlagenbescheid;20. Nov 17;AGG;AGG025;VT;1039688658
GKV;Grundlagenbescheid;20. Nov 17;AGG;AGG026;VT;894395075
GKV;Grundlagenbescheid;20. Nov 17;AGG;AGG027;VT;857513489
GKV;Grundlagenbescheid;20. Nov 17;AGG;AGG028;VT;805275352
GKV;Grundlagenbescheid;20. Nov 17;AGG;AGG029;VT;732948583
GKV;Grundlagenbescheid;20. Nov 17;AGG;AGG030;VT;936954422
GKV;Grundlagenbescheid;20. Nov 17;AGG;AGG031;VT;1055376180
GKV;Grundlagenbescheid;20. Nov 17;AGG;AGG032;VT;927458729
GKV;Grundlagenbescheid;20. Nov 17;AGG;AGG033;VT;757650266
GKV;Grundlagenbescheid;20. Nov 17;AGG;AGG034;VT;640221637
GKV;Grundlagenbescheid;20. Nov 17;AGG;AGG035;VT;504592819
GKV;Grundlagenbescheid;20. Nov 17;AGG;AGG036;VT;598815491
GKV;Grundlagenbescheid;20. Nov 17;AGG;AGG037;VT;353716808
GKV;Grundlagenbescheid;20. Nov 17;AGG;AGG038;VT;171110247
GKV;Grundlagenbescheid;20. Nov 17;AGG;AGG039;VT;50681024
GKV;Grundlagenbescheid;20. Nov 17;AGG;AGG040;VT;9050347
GKV;Grundlagenbescheid;20. Nov 17;AusAGG;AusAGG001;VT;0
GKV;Grundlagenbescheid;20. Nov 17;AusAGG;AusAGG002;VT;1014455
GKV;Grundlagenbescheid;20. Nov 17;AusAGG;AusAGG003;VT;2344323
GKV;Grundlagenbescheid;20. Nov 17;AusAGG;AusAGG004;VT;2065918
GKV;Grundlagenbescheid;20. Nov 17;AusAGG;AusAGG005;VT;2698612
GKV;Grundlagenbescheid;20. Nov 17;AusAGG;AusAGG006;VT;1705485
GKV;Grundlagenbescheid;20. Nov 17;AusAGG;AusAGG007;VT;2130591
GKV;Grundlagenbescheid;20. Nov 17;AusAGG;AusAGG008;VT;2722382
GKV;Grundlagenbescheid;20. Nov 17;AusAGG;AusAGG009;VT;3152387
GKV;Grundlagenbescheid;20. Nov 17;AusAGG;AusAGG010;VT;3570842
GKV;Grundlagenbescheid;20. Nov 17;AusAGG;AusAGG011;VT;3763110
GKV;Grundlagenbescheid;20. Nov 17;AusAGG;AusAGG012;VT;3545153
GKV;Grundlagenbescheid;20. Nov 17;AusAGG;AusAGG013;VT;3845087
GKV;Grundlagenbescheid;20. Nov 17;AusAGG;AusAGG014;VT;6046642
GKV;Grundlagenbescheid;20. Nov 17;AusAGG;AusAGG015;VT;6845714
GKV;Grundlagenbescheid;20. Nov 17;AusAGG;AusAGG016;VT;6321436
GKV;Grundlagenbescheid;20. Nov 17;AusAGG;AusAGG017;VT;3905968
GKV;Grundlagenbescheid;20. Nov 17;AusAGG;AusAGG018;VT;1829337
GKV;Grundlagenbescheid;20. Nov 17;AusAGG;AusAGG019;VT;661420
GKV;Grundlagenbescheid;20. Nov 17;AusAGG;AusAGG020;VT;161316
GKV;Grundlagenbescheid;20. Nov 17;AusAGG;AusAGG021;VT;0
GKV;Grundlagenbescheid;20. Nov 17;AusAGG;AusAGG022;VT;1063979
GKV;Grundlagenbescheid;20. Nov 17;AusAGG;AusAGG023;VT;2431161
GKV;Grundlagenbescheid;20. Nov 17;AusAGG;AusAGG024;VT;2096751
GKV;Grundlagenbescheid;20. Nov 17;AusAGG;AusAGG025;VT;2419316
GKV;Grundlagenbescheid;20. Nov 17;AusAGG;AusAGG026;VT;2118469
GKV;Grundlagenbescheid;20. Nov 17;AusAGG;AusAGG027;VT;2877966
GKV;Grundlagenbescheid;20. Nov 17;AusAGG;AusAGG028;VT;3774477
GKV;Grundlagenbescheid;20. Nov 17;AusAGG;AusAGG029;VT;4489153
GKV;Grundlagenbescheid;20. Nov 17;AusAGG;AusAGG030;VT;5003546
GKV;Grundlagenbescheid;20. Nov 17;AusAGG;AusAGG031;VT;4988303
GKV;Grundlagenbescheid;20. Nov 17;AusAGG;AusAGG032;VT;4140535
GKV;Grundlagenbescheid;20. Nov 17;AusAGG;AusAGG033;VT;2851723
GKV;Grundlagenbescheid;20. Nov 17;AusAGG;AusAGG034;VT;3129672
GKV;Grundlagenbescheid;20. Nov 17;AusAGG;AusAGG035;VT;4161886
GKV;Grundlagenbescheid;20. Nov 17;AusAGG;AusAGG036;VT;4586631
GKV;Grundlagenbescheid;20. Nov 17;AusAGG;AusAGG037;VT;2672720
GKV;Grundlagenbescheid;20. Nov 17;AusAGG;AusAGG038;VT;934182
GKV;Grundlagenbescheid;20. Nov 17;AusAGG;AusAGG039;VT;255276
GKV;Grundlagenbescheid;20. Nov 17;AusAGG;AusAGG040;VT;38500
GKV;Grundlagenbescheid;20. Nov 17;EMG;EMG001;VT;46196995
GKV;Grundlagenbescheid;20. Nov 17;EMG;EMG002;VT;117297254
GKV;Grundlagenbescheid;20. Nov 17;EMG;EMG003;VT;179513455
GKV;Grundlagenbescheid;20. Nov 17;EMG;EMG004;VT;41556399
GKV;Grundlagenbescheid;20. Nov 17;EMG;EMG005;VT;107757106
GKV;Grundlagenbescheid;20. Nov 17;EMG;EMG006;VT;175363415
GKV;Grundlagenbescheid;20. Nov 17;HMG;HMG001;VT;20266661
GKV;Grundlagenbescheid;20. Nov 17;HMG;HMG002;VT;43943165
GKV;Grundlagenbescheid;20. Nov 17;HMG;HMG003;VT;1440777
GKV;Grundlagenbescheid;20. Nov 17;HMG;HMG004;VT;1066323
GKV;Grundlagenbescheid;20. Nov 17;HMG;HMG005;VT;15010089
GKV;Grundlagenbescheid;20. Nov 17;HMG;HMG006;VT;2608209
GKV;Grundlagenbescheid;20. Nov 17;HMG;HMG011;VT;77261307
GKV;Grundlagenbescheid;20. Nov 17;HMG;HMG012;VT;151550639
GKV;Grundlagenbescheid;20. Nov 17;HMG;HMG013;VT;306556876
GKV;Grundlagenbescheid;20. Nov 17;HMG;HMG015;VT;346162433
GKV;Grundlagenbescheid;20. Nov 17;HMG;HMG016;VT;334321906
GKV;Grundlagenbescheid;20. Nov 17;HMG;HMG017;VT;121967072
GKV;Grundlagenbescheid;20. Nov 17;HMG;HMG018;VT;3411473
GKV;Grundlagenbescheid;20. Nov 17;HMG;HMG019;VT;1541248058
GKV;Grundlagenbescheid;20. Nov 17;HMG;HMG020;VT;491668134
GKV;Grundlagenbescheid;20. Nov 17;HMG;HMG021;VT;9838249
GKV;Grundlagenbescheid;20. Nov 17;HMG;HMG022;VT;23607723
GKV;Grundlagenbescheid;20. Nov 17;HMG;HMG023;VT;113868066
GKV;Grundlagenbescheid;20. Nov 17;HMG;HMG024;VT;211742074
GKV;Grundlagenbescheid;20. Nov 17;HMG;HMG025;VT;623370
GKV;Grundlagenbescheid;20. Nov 17;HMG;HMG026;VT;54455393
GKV;Grundlagenbescheid;20. Nov 17;HMG;HMG027;VT;56162606
GKV;Grundlagenbescheid;20. Nov 17;HMG;HMG028;VT;22031862
GKV;Grundlagenbescheid;20. Nov 17;HMG;HMG030;VT;3270440
GKV;Grundlagenbescheid;20. Nov 17;HMG;HMG031;VT;49613312
GKV;Grundlagenbescheid;20. Nov 17;HMG;HMG032;VT;1628048
GKV;Grundlagenbescheid;20. Nov 17;HMG;HMG033;VT;93969757
GKV;Grundlagenbescheid;20. Nov 17;HMG;HMG034;VT;4219619
GKV;Grundlagenbescheid;20. Nov 17;HMG;HMG035;VT;931189
GKV;Grundlagenbescheid;20. Nov 17;HMG;HMG036;VT;208277
GKV;Grundlagenbescheid;20. Nov 17;HMG;HMG037;VT;26729964
GKV;Grundlagenbescheid;20. Nov 17;HMG;HMG038;VT;48652
GKV;Grundlagenbescheid;20. Nov 17;HMG;HMG039;VT;483136311
GKV;Grundlagenbescheid;20. Nov 17;HMG;HMG040;VT;365840718
GKV;Grundlagenbescheid;20. Nov 17;HMG;HMG041;VT;28389408
GKV;Grundlagenbescheid;20. Nov 17;HMG;HMG042;VT;29975409
GKV;Grundlagenbescheid;20. Nov 17;HMG;HMG043;VT;2485128
GKV;Grundlagenbescheid;20. Nov 17;HMG;HMG044;VT;10278506
GKV;Grundlagenbescheid;20. Nov 17;HMG;HMG045;VT;3774889
GKV;Grundlagenbescheid;20. Nov 17;HMG;HMG046;VT;229544527
GKV;Grundlagenbescheid;20. Nov 17;HMG;HMG047;VT;12266238
GKV;Grundlagenbescheid;20. Nov 17;HMG;HMG048;VT;1228432
GKV;Grundlagenbescheid;20. Nov 17;HMG;HMG049;VT;16282360
GKV;Grundlagenbescheid;20. Nov 17;HMG;HMG050;VT;81090779
GKV;Grundlagenbescheid;20. Nov 17;HMG;HMG051;VT;90342187
GKV;Grundlagenbescheid;20. Nov 17;HMG;HMG052;VT;234832709
GKV;Grundlagenbescheid;20. Nov 17;HMG;HMG053;VT;125479284
GKV;Grundlagenbescheid;20. Nov 17;HMG;HMG054;VT;114687922
GKV;Grundlagenbescheid;20. Nov 17;HMG;HMG055;VT;33212076
GKV;Grundlagenbescheid;20. Nov 17;HMG;HMG056;VT;65098425
GKV;Grundlagenbescheid;20. Nov 17;HMG;HMG057;VT;849535350
GKV;Grundlagenbescheid;20. Nov 17;HMG;HMG058;VT;1527197583
GKV;Grundlagenbescheid;20. Nov 17;HMG;HMG060;VT;35444029
GKV;Grundlagenbescheid;20. Nov 17;HMG;HMG061;VT;26276671
GKV;Grundlagenbescheid;20. Nov 17;HMG;HMG062;VT;62896386
GKV;Grundlagenbescheid;20. Nov 17;HMG;HMG063;VT;13097934
GKV;Grundlagenbescheid;20. Nov 17;HMG;HMG065;VT;104207457
GKV;Grundlagenbescheid;20. Nov 17;HMG;HMG071;VT;451779842
GKV;Grundlagenbescheid;20. Nov 17;HMG;HMG072;VT;44706169
GKV;Grundlagenbescheid;20. Nov 17;HMG;HMG073;VT;62181450
GKV;Grundlagenbescheid;20. Nov 17;HMG;HMG074;VT;288866464
GKV;Grundlagenbescheid;20. Nov 17;HMG;HMG075;VT;27309446
GKV;Grundlagenbescheid;20. Nov 17;HMG;HMG077;VT;19786177
GKV;Grundlagenbescheid;20. Nov 17;HMG;HMG078;VT;107485469
GKV;Grundlagenbescheid;20. Nov 17;HMG;HMG079;VT;15221051
GKV;Grundlagenbescheid;20. Nov 17;HMG;HMG080;VT;888377971
GKV;Grundlagenbescheid;20. Nov 17;HMG;HMG081;VT;90554555
GKV;Grundlagenbescheid;20. Nov 17;HMG;HMG083;VT;496036763
GKV;Grundlagenbescheid;20. Nov 17;HMG;HMG084;VT;997637403
GKV;Grundlagenbescheid;20. Nov 17;HMG;HMG086;VT;719262142
GKV;Grundlagenbescheid;20. Nov 17;HMG;HMG087;VT;280124
GKV;Grundlagenbescheid;20. Nov 17;HMG;HMG088;VT;14778275
GKV;Grundlagenbescheid;20. Nov 17;HMG;HMG091;VT;3551782041
GKV;Grundlagenbescheid;20. Nov 17;HMG;HMG092;VT;786190069
GKV;Grundlagenbescheid;20. Nov 17;HMG;HMG095;VT;12018812
GKV;Grundlagenbescheid;20. Nov 17;HMG;HMG096;VT;66000062
GKV;Grundlagenbescheid;20. Nov 17;HMG;HMG098;VT;15184974
GKV;Grundlagenbescheid;20. Nov 17;HMG;HMG099;VT;33689095
GKV;Grundlagenbescheid;20. Nov 17;HMG;HMG100;VT;142023165
GKV;Grundlagenbescheid;20. Nov 17;HMG;HMG101;VT;32008643
GKV;Grundlagenbescheid;20. Nov 17;HMG;HMG103;VT;241978926
GKV;Grundlagenbescheid;20. Nov 17;HMG;HMG104;VT;17176686
GKV;Grundlagenbescheid;20. Nov 17;HMG;HMG105;VT;266615587
GKV;Grundlagenbescheid;20. Nov 17;HMG;HMG106;VT;367541555
GKV;Grundlagenbescheid;20. Nov 17;HMG;HMG108;VT;16319980
GKV;Grundlagenbescheid;20. Nov 17;HMG;HMG110;VT;146281512
GKV;Grundlagenbescheid;20. Nov 17;HMG;HMG111;VT;9394204
GKV;Grundlagenbescheid;20. Nov 17;HMG;HMG113;VT;171574357
GKV;Grundlagenbescheid;20. Nov 17;HMG;HMG114;VT;6486924
GKV;Grundlagenbescheid;20. Nov 17;HMG;HMG115;VT;237750039
GKV;Grundlagenbescheid;20. Nov 17;HMG;HMG117;VT;39169757
GKV;Grundlagenbescheid;20. Nov 17;HMG;HMG130;VT;25823782
GKV;Grundlagenbescheid;20. Nov 17;HMG;HMG131;VT;699894459
GKV;Grundlagenbescheid;20. Nov 17;HMG;HMG132;VT;73626536
GKV;Grundlagenbescheid;20. Nov 17;HMG;HMG133;VT;118280629
GKV;Grundlagenbescheid;20. Nov 17;HMG;HMG134;VT;87950414
GKV;Grundlagenbescheid;20. Nov 17;HMG;HMG136;VT;53130340
GKV;Grundlagenbescheid;20. Nov 17;HMG;HMG138;VT;6720157
GKV;Grundlagenbescheid;20. Nov 17;HMG;HMG144;VT;12745736
GKV;Grundlagenbescheid;20. Nov 17;HMG;HMG146;VT;317424386
GKV;Grundlagenbescheid;20. Nov 17;HMG;HMG147;VT;7741271
GKV;Grundlagenbescheid;20. Nov 17;HMG;HMG149;VT;75686965
GKV;Grundlagenbescheid;20. Nov 17;HMG;HMG152;VT;473130036
GKV;Grundlagenbescheid;20. Nov 17;HMG;HMG153;VT;41222663
GKV;Grundlagenbescheid;20. Nov 17;HMG;HMG155;VT;1408104
GKV;Grundlagenbescheid;20. Nov 17;HMG;HMG156;VT;93474984
GKV;Grundlagenbescheid;20. Nov 17;HMG;HMG157;VT;186886563
GKV;Grundlagenbescheid;20. Nov 17;HMG;HMG158;VT;152684
GKV;Grundlagenbescheid;20. Nov 17;HMG;HMG159;VT;26019222
GKV;Grundlagenbescheid;20. Nov 17;HMG;HMG160;VT;4362210
GKV;Grundlagenbescheid;20. Nov 17;HMG;HMG162;VT;8767302
GKV;Grundlagenbescheid;20. Nov 17;HMG;HMG164;VT;34879267
GKV;Grundlagenbescheid;20. Nov 17;HMG;HMG165;VT;26747819
GKV;Grundlagenbescheid;20. Nov 17;HMG;HMG166;VT;81785526
GKV;Grundlagenbescheid;20. Nov 17;HMG;HMG169;VT;663813
GKV;Grundlagenbescheid;20. Nov 17;HMG;HMG170;VT;644048
GKV;Grundlagenbescheid;20. Nov 17;HMG;HMG172;VT;318789
GKV;Grundlagenbescheid;20. Nov 17;HMG;HMG173;VT;263124
GKV;Grundlagenbescheid;20. Nov 17;HMG;HMG174;VT;1739217
GKV;Grundlagenbescheid;20. Nov 17;HMG;HMG175;VT;2465420
GKV;Grundlagenbescheid;20. Nov 17;HMG;HMG176;VT;10495971
GKV;Grundlagenbescheid;20. Nov 17;HMG;HMG177;VT;14215830
GKV;Grundlagenbescheid;20. Nov 17;HMG;HMG178;VT;382945
GKV;Grundlagenbescheid;20. Nov 17;HMG;HMG180;VT;754855
GKV;Grundlagenbescheid;20. Nov 17;HMG;HMG184;VT;3676706
GKV;Grundlagenbescheid;20. Nov 17;HMG;HMG198;VT;6164906
GKV;Grundlagenbescheid;20. Nov 17;HMG;HMG199;VT;43932039
GKV;Grundlagenbescheid;20. Nov 17;HMG;HMG200;VT;152782088
GKV;Grundlagenbescheid;20. Nov 17;HMG;HMG204;VT;206502773
GKV;Grundlagenbescheid;20. Nov 17;HMG;HMG205;VT;23407432
GKV;Grundlagenbescheid;20. Nov 17;HMG;HMG207;VT;8319981
GKV;Grundlagenbescheid;20. Nov 17;HMG;HMG208;VT;20523247
GKV;Grundlagenbescheid;20. Nov 17;HMG;HMG209;VT;37770271
GKV;Grundlagenbescheid;20. Nov 17;HMG;HMG215;VT;469135646
GKV;Grundlagenbescheid;20. Nov 17;HMG;HMG216;VT;59034762
GKV;Grundlagenbescheid;20. Nov 17;HMG;HMG217;VT;1858285
GKV;Grundlagenbescheid;20. Nov 17;HMG;HMG218;VT;647568
GKV;Grundlagenbescheid;20. Nov 17;HMG;HMG219;VT;19755705
GKV;Grundlagenbescheid;20. Nov 17;HMG;HMG220;VT;419695078
GKV;Grundlagenbescheid;20. Nov 17;HMG;HMG221;VT;6428096
GKV;Grundlagenbescheid;20. Nov 17;HMG;HMG222;VT;1922264
GKV;Grundlagenbescheid;20. Nov 17;HMG;HMG225;VT;2811181
GKV;Grundlagenbescheid;20. Nov 17;HMG;HMG226;VT;8954559
GKV;Grundlagenbescheid;20. Nov 17;HMG;HMG227;VT;97025101
GKV;Grundlagenbescheid;20. Nov 17;HMG;HMG228;VT;477725076
GKV;Grundlagenbescheid;20. Nov 17;HMG;HMG230;VT;351472711
GKV;Grundlagenbescheid;20. Nov 17;HMG;HMG231;VT;109777441
GKV;Grundlagenbescheid;20. Nov 17;HMG;HMG232;VT;8903550
GKV;Grundlagenbescheid;20. Nov 17;HMG;HMG233;VT;1356144
GKV;Grundlagenbescheid;20. Nov 17;HMG;HMG234;VT;39361875
GKV;Grundlagenbescheid;20. Nov 17;HMG;HMG235;VT;56485146
GKV;Grundlagenbescheid;20. Nov 17;HMG;HMG237;VT;609536818
GKV;Grundlagenbescheid;20. Nov 17;HMG;HMG238;VT;592753
GKV;Grundlagenbescheid;20. Nov 17;HMG;HMG250;VT;133291
GKV;Grundlagenbescheid;20. Nov 17;HMG;HMG251;VT;515452735
GKV;Grundlagenbescheid;20. Nov 17;HMG;HMG252;VT;598563045
GKV;Grundlagenbescheid;20. Nov 17;HMG;HMG253;VT;488754518
GKV;Grundlagenbescheid;20. Nov 17;HMG;HMG254;VT;41880356
GKV;Grundlagenbescheid;20. Nov 17;HMG;HMG258;VT;404324652
GKV;Grundlagenbescheid;20. Nov 17;HMG;HMG259;VT;52521
GKV;Grundlagenbescheid;20. Nov 17;HMG;HMG261;VT;2546795
GKV;Grundlagenbescheid;20. Nov 17;HMG;HMG262;VT;4281355
GKV;Grundlagenbescheid;20. Nov 17;HMG;HMG263;VT;17604132
GKV;Grundlagenbescheid;20. Nov 17;HMG;HMG264;VT;4084717
GKV;Grundlagenbescheid;20. Nov 17;HMG;HMG265;VT;49829137
GKV;Grundlagenbescheid;20. Nov 17;HMG;HMG266;VT;39388328
GKV;Grundlagenbescheid;20. Nov 17;HMG;HMG267;VT;29703813
GKV;Grundlagenbescheid;20. Nov 17;HMG;HMG268;VT;38945370
GKV;Grundlagenbescheid;20. Nov 17;HMG;HMG269;VT;29266265
GKV;Grundlagenbescheid;20. Nov 17;HMG;HMG270;VT;33583690
GKV;Grundlagenbescheid;20. Nov 17;HMG;HMG271;VT;21538826
GKV;Grundlagenbescheid;20. Nov 17;HMG;HMG272;VT;10793492
GKV;Grundlagenbescheid;20. Nov 17;HMG;HMG273;VT;59928108
GKV;Grundlagenbescheid;20. Nov 17;HMG;HMG274;VT;45976228
GKV;Grundlagenbescheid;20. Nov 17;HMG;HMG275;VT;236373242
GKV;Grundlagenbescheid;20. Nov 17;HMG;HMG276;VT;106594947
GKV;Grundlagenbescheid;20. Nov 17;HMG;HMG277;VT;241367559
GKV;Grundlagenbescheid;20. Nov 17;HMG;HMG278;VT;71567208
GKV;Grundlagenbescheid;20. Nov 17;HMG;HMG281;VT;119821
GKV;Grundlagenbescheid;20. Nov 17;HMG;HMG282;VT;182937
GKV;Grundlagenbescheid;20. Nov 17;HMG;HMG283;VT;155544885
GKV;Grundlagenbescheid;20. Nov 17;HMG;HMG284;VT;70867
GKV;Grundlagenbescheid;20. Nov 17;HMG;HMG285;VT;29780
GKV;Grundlagenbescheid;20. Nov 17;HMG;HMG286;VT;1865141
GKV;Grundlagenbescheid;20. Nov 17;HMG;HMG288;VT;9484774
GKV;Grundlagenbescheid;20. Nov 17;HMG;HMG289;VT;20621644
GKV;Grundlagenbescheid;20. Nov 17;HMG;HMG290;VT;74014647
GKV;Grundlagenbescheid;20. Nov 17;HMG;HMG292;VT;272936
GKV;Grundlagenbescheid;20. Nov 17;HMG;HMG293;VT;13460852
GKV;Grundlagenbescheid;20. Nov 17;HMG;HMG294;VT;69304093
GKV;Grundlagenbescheid;20. Nov 17;HMG;HMG295;VT;29127805
GKV;Grundlagenbescheid;20. Nov 17;HMG;HMG296;VT;51431686
GKV;Grundlagenbescheid;20. Nov 17;HMG;HMG297;VT;2593624
GKV;Grundlagenbescheid;20. Nov 17;HMG;HMG298;VT;4284342
GKV;Grundlagenbescheid;20. Nov 17;HMG;HMG299;VT;3874021
GKV;Grundlagenbescheid;20. Nov 17;HMG;HMG300;VT;28015557
GKV;Grundlagenbescheid;20. Nov 17;HMG;HMG301;VT;4192858
GKV;Grundlagenbescheid;20. Nov 17;KAGG;KAGG001;VT;31
GKV;Grundlagenbescheid;20. Nov 17;KAGG;KAGG002;VT;0
GKV;Grundlagenbescheid;20. Nov 17;KAGG;KAGG003;VT;141
GKV;Grundlagenbescheid;20. Nov 17;KAGG;KAGG004;VT;0
GKV;Grundlagenbescheid;20. Nov 17;KAGG;KAGG005;VT;0
GKV;Grundlagenbescheid;20. Nov 17;KAGG;KAGG006;VT;0
GKV;Grundlagenbescheid;20. Nov 17;KAGG;KAGG007;VT;0
GKV;Grundlagenbescheid;20. Nov 17;KAGG;KAGG008;VT;0
GKV;Grundlagenbescheid;20. Nov 17;KAGG;KAGG009;VT;527
GKV;Grundlagenbescheid;20. Nov 17;KAGG;KAGG010;VT;0
GKV;Grundlagenbescheid;20. Nov 17;KAGG;KAGG011;VT;305
GKV;Grundlagenbescheid;20. Nov 17;KAGG;KAGG012;VT;0
GKV;Grundlagenbescheid;20. Nov 17;KAGG;KAGG013;VT;154
GKV;Grundlagenbescheid;20. Nov 17;KAGG;KAGG014;VT;352
GKV;Grundlagenbescheid;20. Nov 17;KAGG;KAGG015;VT;2191
GKV;Grundlagenbescheid;20. Nov 17;KAGG;KAGG016;VT;282960
GKV;Grundlagenbescheid;20. Nov 17;KAGG;KAGG017;VT;3885006
GKV;Grundlagenbescheid;20. Nov 17;KAGG;KAGG018;VT;13502087
GKV;Grundlagenbescheid;20. Nov 17;KAGG;KAGG019;VT;28612862
GKV;Grundlagenbescheid;20. Nov 17;KAGG;KAGG020;VT;48186752
GKV;Grundlagenbescheid;20. Nov 17;KAGG;KAGG021;VT;61467661
GKV;Grundlagenbescheid;20. Nov 17;KAGG;KAGG022;VT;67204265
GKV;Grundlagenbescheid;20. Nov 17;KAGG;KAGG023;VT;73228627
GKV;Grundlagenbescheid;20. Nov 17;KAGG;KAGG024;VT;81763386
GKV;Grundlagenbescheid;20. Nov 17;KAGG;KAGG025;VT;89610231
GKV;Grundlagenbescheid;20. Nov 17;KAGG;KAGG026;VT;99329056
GKV;Grundlagenbescheid;20. Nov 17;KAGG;KAGG027;VT;116746478
GKV;Grundlagenbescheid;20. Nov 17;KAGG;KAGG028;VT;121760184
GKV;Grundlagenbescheid;20. Nov 17;KAGG;KAGG029;VT;129256846
GKV;Grundlagenbescheid;20. Nov 17;KAGG;KAGG030;VT;128929743
GKV;Grundlagenbescheid;20. Nov 17;KAGG;KAGG031;VT;127506234
GKV;Grundlagenbescheid;20. Nov 17;KAGG;KAGG032;VT;123064241
GKV;Grundlagenbescheid;20. Nov 17;KAGG;KAGG033;VT;122206790
GKV;Grundlagenbescheid;20. Nov 17;KAGG;KAGG034;VT;122080929
GKV;Grundlagenbescheid;20. Nov 17;KAGG;KAGG035;VT;124367355
GKV;Grundlagenbescheid;20. Nov 17;KAGG;KAGG036;VT;123819749
GKV;Grundlagenbescheid;20. Nov 17;KAGG;KAGG037;VT;123972321
GKV;Grundlagenbescheid;20. Nov 17;KAGG;KAGG038;VT;117686378
GKV;Grundlagenbescheid;20. Nov 17;KAGG;KAGG039;VT;115356970
GKV;Grundlagenbescheid;20. Nov 17;KAGG;KAGG040;VT;113243626
GKV;Grundlagenbescheid;20. Nov 17;KAGG;KAGG041;VT;110301248
GKV;Grundlagenbescheid;20. Nov 17;KAGG;KAGG042;VT;105782367
GKV;Grundlagenbescheid;20. Nov 17;KAGG;KAGG043;VT;107408247
GKV;Grundlagenbescheid;20. Nov 17;KAGG;KAGG044;VT;108175978
GKV;Grundlagenbescheid;20. Nov 17;KAGG;KAGG045;VT;118288766
GKV;Grundlagenbescheid;20. Nov 17;KAGG;KAGG046;VT;131161794
GKV;Grundlagenbescheid;20. Nov 17;KAGG;KAGG047;VT;136471643
GKV;Grundlagenbescheid;20. Nov 17;KAGG;KAGG048;VT;146544994
GKV;Grundlagenbescheid;20. Nov 17;KAGG;KAGG049;VT;153846996
GKV;Grundlagenbescheid;20. Nov 17;KAGG;KAGG050;VT;158460116
GKV;Grundlagenbescheid;20. Nov 17;KAGG;KAGG051;VT;161889562
GKV;Grundlagenbescheid;20. Nov 17;KAGG;KAGG052;VT;160831868
GKV;Grundlagenbescheid;20. Nov 17;KAGG;KAGG053;VT;162276631
GKV;Grundlagenbescheid;20. Nov 17;KAGG;KAGG054;VT;159090020
GKV;Grundlagenbescheid;20. Nov 17;KAGG;KAGG055;VT;151638997
GKV;Grundlagenbescheid;20. Nov 17;KAGG;KAGG056;VT;146969862
GKV;Grundlagenbescheid;20. Nov 17;KAGG;KAGG057;VT;138216816
GKV;Grundlagenbescheid;20. Nov 17;KAGG;KAGG058;VT;131592821
GKV;Grundlagenbescheid;20. Nov 17;KAGG;KAGG059;VT;120361286
GKV;Grundlagenbescheid;20. Nov 17;KAGG;KAGG060;VT;113042284
GKV;Grundlagenbescheid;20. Nov 17;KAGG;KAGG061;VT;104265260
GKV;Grundlagenbescheid;20. Nov 17;KAGG;KAGG062;VT;93716603
GKV;Grundlagenbescheid;20. Nov 17;KAGG;KAGG063;VT;80060400
GKV;Grundlagenbescheid;20. Nov 17;KAGG;KAGG064;VT;59958814
GKV;Grundlagenbescheid;20. Nov 17;KAGG;KAGG065;VT;28684536
GKV;Grundlagenbescheid;20. Nov 17;KAGG;KAGG066;VT;15532548
GKV;Grundlagenbescheid;20. Nov 17;KAGG;KAGG067;VT;1502479
GKV;Grundlagenbescheid;20. Nov 17;KAGG;KAGG068;VT;250175
GKV;Grundlagenbescheid;20. Nov 17;KAGG;KAGG069;VT;116223
GKV;Grundlagenbescheid;20. Nov 17;KAGG;KAGG070;VT;69520
GKV;Grundlagenbescheid;20. Nov 17;KAGG;KAGG071;VT;50542
GKV;Grundlagenbescheid;20. Nov 17;KAGG;KAGG072;VT;27009
GKV;Grundlagenbescheid;20. Nov 17;KAGG;KAGG073;VT;26360
GKV;Grundlagenbescheid;20. Nov 17;KAGG;KAGG074;VT;22360
GKV;Grundlagenbescheid;20. Nov 17;KAGG;KAGG075;VT;15761
GKV;Grundlagenbescheid;20. Nov 17;KAGG;KAGG076;VT;18050
GKV;Grundlagenbescheid;20. Nov 17;KAGG;KAGG077;VT;14617
GKV;Grundlagenbescheid;20. Nov 17;KAGG;KAGG078;VT;13175
GKV;Grundlagenbescheid;20. Nov 17;KAGG;KAGG079;VT;13266
GKV;Grundlagenbescheid;20. Nov 17;KAGG;KAGG080;VT;6047
GKV;Grundlagenbescheid;20. Nov 17;KAGG;KAGG081;VT;6458
GKV;Grundlagenbescheid;20. Nov 17;KAGG;KAGG082;VT;3362
GKV;Grundlagenbescheid;20. Nov 17;KAGG;KAGG083;VT;3129
GKV;Grundlagenbescheid;20. Nov 17;KAGG;KAGG084;VT;1407
GKV;Grundlagenbescheid;20. Nov 17;KAGG;KAGG085;VT;1830
GKV;Grundlagenbescheid;20. Nov 17;KAGG;KAGG086;VT;2258
GKV;Grundlagenbescheid;20. Nov 17;KAGG;KAGG087;VT;1217
GKV;Grundlagenbescheid;20. Nov 17;KAGG;KAGG088;VT;366
GKV;Grundlagenbescheid;20. Nov 17;KAGG;KAGG089;VT;0
GKV;Grundlagenbescheid;20. Nov 17;KAGG;KAGG090;VT;1098
GKV;Grundlagenbescheid;20. Nov 17;KAGG;KAGG091;VT;1632
GKV;Grundlagenbescheid;20. Nov 17;KAGG;KAGG092;VT;18
GKV;Grundlagenbescheid;20. Nov 17;KAGG;KAGG093;VT;0
GKV;Grundlagenbescheid;20. Nov 17;KAGG;KAGG094;VT;0
GKV;Grundlagenbescheid;20. Nov 17;KAGG;KAGG095;VT;631
GKV;Grundlagenbescheid;20. Nov 17;KAGG;KAGG096;VT;0
GKV;Grundlagenbescheid;20. Nov 17;KAGG;KAGG097;VT;0
GKV;Grundlagenbescheid;20. Nov 17;KAGG;KAGG098;VT;366
GKV;Grundlagenbescheid;20. Nov 17;KAGG;KAGG099;VT;370
GKV;Grundlagenbescheid;20. Nov 17;KAGG;KAGG100;VT;61
GKV;Grundlagenbescheid;20. Nov 17;KAGG;KAGG101;VT;0
GKV;Grundlagenbescheid;20. Nov 17;KAGG;KAGG102;VT;0
GKV;Grundlagenbescheid;20. Nov 17;KAGG;KAGG103;VT;0
GKV;Grundlagenbescheid;20. Nov 17;KAGG;KAGG104;VT;155
GKV;Grundlagenbescheid;20. Nov 17;KAGG;KAGG105;VT;771
GKV;Grundlagenbescheid;20. Nov 17;KAGG;KAGG106;VT;3850
GKV;Grundlagenbescheid;20. Nov 17;KAGG;KAGG107;VT;628964
GKV;Grundlagenbescheid;20. Nov 17;KAGG;KAGG108;VT;6684638
GKV;Grundlagenbescheid;20. Nov 17;KAGG;KAGG109;VT;22180014
GKV;Grundlagenbescheid;20. Nov 17;KAGG;KAGG110;VT;42922245
GKV;Grundlagenbescheid;20. Nov 17;KAGG;KAGG111;VT;64564584
GKV;Grundlagenbescheid;20. Nov 17;KAGG;KAGG112;VT;77186142
GKV;Grundlagenbescheid;20. Nov 17;KAGG;KAGG113;VT;81464530
GKV;Grundlagenbescheid;20. Nov 17;KAGG;KAGG114;VT;86071658
GKV;Grundlagenbescheid;20. Nov 17;KAGG;KAGG115;VT;92530701
GKV;Grundlagenbescheid;20. Nov 17;KAGG;KAGG116;VT;98678376
GKV;Grundlagenbescheid;20. Nov 17;KAGG;KAGG117;VT;108248989
GKV;Grundlagenbescheid;20. Nov 17;KAGG;KAGG118;VT;125365932
GKV;Grundlagenbescheid;20. Nov 17;KAGG;KAGG119;VT;130683023
GKV;Grundlagenbescheid;20. Nov 17;KAGG;KAGG120;VT;141279954
GKV;Grundlagenbescheid;20. Nov 17;KAGG;KAGG121;VT;143518322
GKV;Grundlagenbescheid;20. Nov 17;KAGG;KAGG122;VT;143456991
GKV;Grundlagenbescheid;20. Nov 17;KAGG;KAGG123;VT;140880451
GKV;Grundlagenbescheid;20. Nov 17;KAGG;KAGG124;VT;140886524
GKV;Grundlagenbescheid;20. Nov 17;KAGG;KAGG125;VT;141524096
GKV;Grundlagenbescheid;20. Nov 17;KAGG;KAGG126;VT;144381794
GKV;Grundlagenbescheid;20. Nov 17;KAGG;KAGG127;VT;142561442
GKV;Grundlagenbescheid;20. Nov 17;KAGG;KAGG128;VT;141972683
GKV;Grundlagenbescheid;20. Nov 17;KAGG;KAGG129;VT;134249496
GKV;Grundlagenbescheid;20. Nov 17;KAGG;KAGG130;VT;130932671
GKV;Grundlagenbescheid;20. Nov 17;KAGG;KAGG131;VT;128253790
GKV;Grundlagenbescheid;20. Nov 17;KAGG;KAGG132;VT;123728545
GKV;Grundlagenbescheid;20. Nov 17;KAGG;KAGG133;VT;119070981
GKV;Grundlagenbescheid;20. Nov 17;KAGG;KAGG134;VT;119272543
GKV;Grundlagenbescheid;20. Nov 17;KAGG;KAGG135;VT;119128832
GKV;Grundlagenbescheid;20. Nov 17;KAGG;KAGG136;VT;128612883
GKV;Grundlagenbescheid;20. Nov 17;KAGG;KAGG137;VT;141118731
GKV;Grundlagenbescheid;20. Nov 17;KAGG;KAGG138;VT;145415063
GKV;Grundlagenbescheid;20. Nov 17;KAGG;KAGG139;VT;156101214
GKV;Grundlagenbescheid;20. Nov 17;KAGG;KAGG140;VT;162268318
GKV;Grundlagenbescheid;20. Nov 17;KAGG;KAGG141;VT;165998608
GKV;Grundlagenbescheid;20. Nov 17;KAGG;KAGG142;VT;169836643
GKV;Grundlagenbescheid;20. Nov 17;KAGG;KAGG143;VT;169359764
GKV;Grundlagenbescheid;20. Nov 17;KAGG;KAGG144;VT;171012202
GKV;Grundlagenbescheid;20. Nov 17;KAGG;KAGG145;VT;168128160
GKV;Grundlagenbescheid;20. Nov 17;KAGG;KAGG146;VT;160363974
GKV;Grundlagenbescheid;20. Nov 17;KAGG;KAGG147;VT;155447752
GKV;Grundlagenbescheid;20. Nov 17;KAGG;KAGG148;VT;145795569
GKV;Grundlagenbescheid;20. Nov 17;KAGG;KAGG149;VT;138412896
GKV;Grundlagenbescheid;20. Nov 17;KAGG;KAGG150;VT;127033199
GKV;Grundlagenbescheid;20. Nov 17;KAGG;KAGG151;VT;119614792
GKV;Grundlagenbescheid;20. Nov 17;KAGG;KAGG152;VT;110378267
GKV;Grundlagenbescheid;20. Nov 17;KAGG;KAGG153;VT;99000416
GKV;Grundlagenbescheid;20. Nov 17;KAGG;KAGG154;VT;85345893
GKV;Grundlagenbescheid;20. Nov 17;KAGG;KAGG155;VT;64888445
GKV;Grundlagenbescheid;20. Nov 17;KAGG;KAGG156;VT;32299355
GKV;Grundlagenbescheid;20. Nov 17;KAGG;KAGG157;VT;20243823
GKV;Grundlagenbescheid;20. Nov 17;KAGG;KAGG158;VT;2281172
GKV;Grundlagenbescheid;20. Nov 17;KAGG;KAGG159;VT;429649
GKV;Grundlagenbescheid;20. Nov 17;KAGG;KAGG160;VT;199121
GKV;Grundlagenbescheid;20. Nov 17;KAGG;KAGG161;VT;118342
GKV;Grundlagenbescheid;20. Nov 17;KAGG;KAGG162;VT;84864
GKV;Grundlagenbescheid;20. Nov 17;KAGG;KAGG163;VT;39723
GKV;Grundlagenbescheid;20. Nov 17;KAGG;KAGG164;VT;40494
GKV;Grundlagenbescheid;20. Nov 17;KAGG;KAGG165;VT;27621
GKV;Grundlagenbescheid;20. Nov 17;KAGG;KAGG166;VT;24357
GKV;Grundlagenbescheid;20. Nov 17;KAGG;KAGG167;VT;23881
GKV;Grundlagenbescheid;20. Nov 17;KAGG;KAGG168;VT;18295
GKV;Grundlagenbescheid;20. Nov 17;KAGG;KAGG169;VT;13468
GKV;Grundlagenbescheid;20. Nov 17;KAGG;KAGG170;VT;12107
GKV;Grundlagenbescheid;20. Nov 17;KAGG;KAGG171;VT;10338
GKV;Grundlagenbescheid;20. Nov 17;KAGG;KAGG172;VT;10097
GKV;Grundlagenbescheid;20. Nov 17;KAGG;KAGG173;VT;3432
GKV;Grundlagenbescheid;20. Nov 17;KAGG;KAGG174;VT;3771
GKV;Grundlagenbescheid;20. Nov 17;KAGG;KAGG175;VT;5626
GKV;Grundlagenbescheid;20. Nov 17;KAGG;KAGG176;VT;3110
GKV;Grundlagenbescheid;20. Nov 17;KAGG;KAGG177;VT;2912
GKV;Grundlagenbescheid;20. Nov 17;KAGG;KAGG178;VT;5117
GKV;Grundlagenbescheid;20. Nov 17;KAGG;KAGG179;VT;2876
GKV;Grundlagenbescheid;20. Nov 17;KAGG;KAGG180;VT;945
GKV;Grundlagenbescheid;20. Nov 17;KAGG;KAGG181;VT;2744
GKV;Grundlagenbescheid;20. Nov 17;KAGG;KAGG182;VT;4615
GKV;Grundlagenbescheid;20. Nov 17;KEG;KEG001;VT;6470794
GKV;Grundlagenbescheid;20. Nov 17;KEG;KEG002;VT;14169163
GKV;Grundlagenbescheid;20. Nov 17;KEG;KEG003;VT;5866380
GKV;Grundlagenbescheid;20. Nov 17;KEG;KEG004;VT;7304468
GKV;Grundlagenbescheid;20. Nov 17;KEG;KEG005;VT;4618523
GKV;Grundlagenbescheid;20. Nov 17;KEG;KEG006;VT;70277
GKV;Grundlagenbescheid;20. Nov 17;KEG;KEG007;VT;10253
GKV;Grundlagenbescheid;20. Nov 17;KEMG;KEMG001;VT;1096433
GKV;Grundlagenbescheid;20. Nov 17;KEMG;KEMG002;VT;196619
GKV;Grundlagenbescheid;20. Nov 17;KEMG;KEMG003;VT;223282
GKV;Grundlagenbescheid;20. Nov 17;KEMG;KEMG004;VT;240851
GKV;Grundlagenbescheid;20. Nov 17;KEMG;KEMG005;VT;284801
GKV;Grundlagenbescheid;20. Nov 17;KEMG;KEMG006;VT;295037
GKV;Grundlagenbescheid;20. Nov 17;KEMG;KEMG007;VT;298815
GKV;Grundlagenbescheid;20. Nov 17;KEMG;KEMG008;VT;352861
GKV;Grundlagenbescheid;20. Nov 17;KEMG;KEMG009;VT;381790
GKV;Grundlagenbescheid;20. Nov 17;KEMG;KEMG010;VT;468100
GKV;Grundlagenbescheid;20. Nov 17;KEMG;KEMG011;VT;545410
GKV;Grundlagenbescheid;20. Nov 17;KEMG;KEMG012;VT;633564
GKV;Grundlagenbescheid;20. Nov 17;KEMG;KEMG013;VT;732692
GKV;Grundlagenbescheid;20. Nov 17;KEMG;KEMG014;VT;862877
GKV;Grundlagenbescheid;20. Nov 17;KEMG;KEMG015;VT;932060
GKV;Grundlagenbescheid;20. Nov 17;KEMG;KEMG016;VT;1019532
GKV;Grundlagenbescheid;20. Nov 17;KEMG;KEMG017;VT;1116089
GKV;Grundlagenbescheid;20. Nov 17;KEMG;KEMG018;VT;1208093
GKV;Grundlagenbescheid;20. Nov 17;KEMG;KEMG019;VT;1302576
GKV;Grundlagenbescheid;20. Nov 17;KEMG;KEMG020;VT;1314663
GKV;Grundlagenbescheid;20. Nov 17;KEMG;KEMG021;VT;1359910
GKV;Grundlagenbescheid;20. Nov 17;KEMG;KEMG022;VT;1715457
GKV;Grundlagenbescheid;20. Nov 17;KEMG;KEMG023;VT;1768553
GKV;Grundlagenbescheid;20. Nov 17;KEMG;KEMG024;VT;1732805
GKV;Grundlagenbescheid;20. Nov 17;KEMG;KEMG025;VT;1810133
GKV;Grundlagenbescheid;20. Nov 17;KEMG;KEMG026;VT;1857047
GKV;Grundlagenbescheid;20. Nov 17;KEMG;KEMG027;VT;1528579
GKV;Grundlagenbescheid;20. Nov 17;KEMG;KEMG028;VT;1227196
GKV;Grundlagenbescheid;20. Nov 17;KEMG;KEMG029;VT;709682
GKV;Grundlagenbescheid;20. Nov 17;KEMG;KEMG030;VT;284520
GKV;Grundlagenbescheid;20. Nov 17;KEMG;KEMG031;VT;97470
GKV;Grundlagenbescheid;20. Nov 17;KEMG;KEMG032;VT;725139
GKV;Grundlagenbescheid;20. Nov 17;KEMG;KEMG033;VT;114319
GKV;Grundlagenbescheid;20. Nov 17;KEMG;KEMG034;VT;131465
GKV;Grundlagenbescheid;20. Nov 17;KEMG;KEMG035;VT;141684
GKV;Grundlagenbescheid;20. Nov 17;KEMG;KEMG036;VT;173041
GKV;Grundlagenbescheid;20. Nov 17;KEMG;KEMG037;VT;188904
GKV;Grundlagenbescheid;20. Nov 17;KEMG;KEMG038;VT;203411
GKV;Grundlagenbescheid;20. Nov 17;KEMG;KEMG039;VT;231761
GKV;Grundlagenbescheid;20. Nov 17;KEMG;KEMG040;VT;232500
GKV;Grundlagenbescheid;20. Nov 17;KEMG;KEMG041;VT;276083
GKV;Grundlagenbescheid;20. Nov 17;KEMG;KEMG042;VT;346911
GKV;Grundlagenbescheid;20. Nov 17;KEMG;KEMG043;VT;397475
GKV;Grundlagenbescheid;20. Nov 17;KEMG;KEMG044;VT;456263
GKV;Grundlagenbescheid;20. Nov 17;KEMG;KEMG045;VT;509123
GKV;Grundlagenbescheid;20. Nov 17;KEMG;KEMG046;VT;569117
GKV;Grundlagenbescheid;20. Nov 17;KEMG;KEMG047;VT;735493
GKV;Grundlagenbescheid;20. Nov 17;KEMG;KEMG048;VT;717580
GKV;Grundlagenbescheid;20. Nov 17;KEMG;KEMG049;VT;831139
GKV;Grundlagenbescheid;20. Nov 17;KEMG;KEMG050;VT;903210
GKV;Grundlagenbescheid;20. Nov 17;KEMG;KEMG051;VT;933800
GKV;Grundlagenbescheid;20. Nov 17;KEMG;KEMG052;VT;1094515
GKV;Grundlagenbescheid;20. Nov 17;KEMG;KEMG053;VT;1606901
GKV;Grundlagenbescheid;20. Nov 17;KEMG;KEMG054;VT;1821067
GKV;Grundlagenbescheid;20. Nov 17;KEMG;KEMG055;VT;1777234
GKV;Grundlagenbescheid;20. Nov 17;KEMG;KEMG056;VT;1881618
GKV;Grundlagenbescheid;20. Nov 17;KEMG;KEMG057;VT;1958082
GKV;Grundlagenbescheid;20. Nov 17;KEMG;KEMG058;VT;1776049
GKV;Grundlagenbescheid;20. Nov 17;KEMG;KEMG059;VT;1541982
GKV;Grundlagenbescheid;20. Nov 17;KEMG;KEMG060;VT;951148
GKV;Grundlagenbescheid;20. Nov 17;KEMG;KEMG061;VT;386399
GKV;Grundlagenbescheid;20. Nov 17;KEMG;KEMG062;VT;200616
GKV;Booklet;;Tod;AGG001_Tod;Versicherte;788
GKV;Booklet;;Tod;AGG002_Tod;Versicherte;283
GKV;Booklet;;Tod;AGG003_Tod;Versicherte;144
GKV;Booklet;;Tod;AGG004_Tod;Versicherte;186
GKV;Booklet;;Tod;AGG005_Tod;Versicherte;500
GKV;Booklet;;Tod;AGG006_Tod;Versicherte;519
GKV;Booklet;;Tod;AGG007_Tod;Versicherte;775
GKV;Booklet;;Tod;AGG008_Tod;Versicherte;1155
GKV;Booklet;;Tod;AGG009_Tod;Versicherte;1816
GKV;Booklet;;Tod;AGG010_Tod;Versicherte;4026
GKV;Booklet;;Tod;AGG011_Tod;Versicherte;7368
GKV;Booklet;;Tod;AGG012_Tod;Versicherte;11279
GKV;Booklet;;Tod;AGG013_Tod;Versicherte;14908
GKV;Booklet;;Tod;AGG014_Tod;Versicherte;20215
GKV;Booklet;;Tod;AGG015_Tod;Versicherte;26327
GKV;Booklet;;Tod;AGG016_Tod;Versicherte;52574
GKV;Booklet;;Tod;AGG017_Tod;Versicherte;71087
GKV;Booklet;;Tod;AGG018_Tod;Versicherte;90847
GKV;Booklet;;Tod;AGG019_Tod;Versicherte;82780
GKV;Booklet;;Tod;AGG020_Tod;Versicherte;37905
GKV;Booklet;;Tod;AGG021_Tod;Versicherte;1010
GKV;Booklet;;Tod;AGG022_Tod;Versicherte;368
GKV;Booklet;;Tod;AGG023_Tod;Versicherte;202
GKV;Booklet;;Tod;AGG024_Tod;Versicherte;295
GKV;Booklet;;Tod;AGG025_Tod;Versicherte;1251
GKV;Booklet;;Tod;AGG026_Tod;Versicherte;1216
GKV;Booklet;;Tod;AGG027_Tod;Versicherte;1613
GKV;Booklet;;Tod;AGG028_Tod;Versicherte;2211
GKV;Booklet;;Tod;AGG029_Tod;Versicherte;3119
GKV;Booklet;;Tod;AGG030_Tod;Versicherte;6817
GKV;Booklet;;Tod;AGG031_Tod;Versicherte;13049
GKV;Booklet;;Tod;AGG032_Tod;Versicherte;20045
GKV;Booklet;;Tod;AGG033_Tod;Versicherte;26219
GKV;Booklet;;Tod;AGG034_Tod;Versicherte;33531
GKV;Booklet;;Tod;AGG035_Tod;Versicherte;39563
GKV;Booklet;;Tod;AGG036_Tod;Versicherte;70025
GKV;Booklet;;Tod;AGG037_Tod;Versicherte;70424
GKV;Booklet;;Tod;AGG038_Tod;Versicherte;62353
GKV;Booklet;;Tod;AGG039_Tod;Versicherte;31054
GKV;Booklet;;Tod;AGG040_Tod;Versicherte;9071
GKV;Booklet;;AGG_RF;NHMG000_RFu08;Versicherte;4538764
GKV;Booklet;;AGG_RF;NHMG001_RFu08;Versicherte;1094528
GKV;Booklet;;AGG_RF;NHMG002_RFu08;Versicherte;453248
GKV;Booklet;;AGG_RF;NHMG003_RFu08;Versicherte;213496
GKV;Booklet;;AGG_RF;NHMG004_RFu08;Versicherte;109082
GKV;Booklet;;AGG_RF;NHMG005_RFu08;Versicherte;58784
GKV;Booklet;;AGG_RF;NHMG006_RFu08;Versicherte;32068
GKV;Booklet;;AGG_RF;NHMG007_RFu08;Versicherte;18202
GKV;Booklet;;AGG_RF;NHMG008_RFu08;Versicherte;10348
GKV;Booklet;;AGG_RF;NHMG009_RFu08;Versicherte;6116
GKV;Booklet;;AGG_RF;NHMG010_RFu08;Versicherte;3484
GKV;Booklet;;AGG_RF;NHMG011_RFu08;Versicherte;1894
GKV;Booklet;;AGG_RF;NHMG012_RFu08;Versicherte;1105
GKV;Booklet;;AGG_RF;NHMG013_RFu08;Versicherte;601
GKV;Booklet;;AGG_RF;NHMG014_RFu08;Versicherte;308
GKV;Booklet;;AGG_RF;NHMG015_RFu08;Versicherte;161
GKV;Booklet;;AGG_RF;NHMG016plus_RFu08;Versicherte;141
GKV;Booklet;;AGG_RF;NHMG000_RFu10;Versicherte;14288188
GKV;Booklet;;AGG_RF;NHMG001_RFu10;Versicherte;3741365
GKV;Booklet;;AGG_RF;NHMG002_RFu10;Versicherte;1798252
GKV;Booklet;;AGG_RF;NHMG003_RFu10;Versicherte;965321
GKV;Booklet;;AGG_RF;NHMG004_RFu10;Versicherte;548956
GKV;Booklet;;AGG_RF;NHMG005_RFu10;Versicherte;321523
GKV;Booklet;;AGG_RF;NHMG006_RFu10;Versicherte;192142
GKV;Booklet;;AGG_RF;NHMG007_RFu10;Versicherte;114695
GKV;Booklet;;AGG_RF;NHMG008_RFu10;Versicherte;69614
GKV;Booklet;;AGG_RF;NHMG009_RFu10;Versicherte;40924
GKV;Booklet;;AGG_RF;NHMG010_RFu10;Versicherte;24321
GKV;Booklet;;AGG_RF;NHMG011_RFu10;Versicherte;14021
GKV;Booklet;;AGG_RF;NHMG012_RFu10;Versicherte;8011
GKV;Booklet;;AGG_RF;NHMG013_RFu10;Versicherte;4458
GKV;Booklet;;AGG_RF;NHMG014_RFu10;Versicherte;2339
GKV;Booklet;;AGG_RF;NHMG015_RFu10;Versicherte;1338
GKV;Booklet;;AGG_RF;NHMG016plus_RFu10;Versicherte;1216
GKV;Booklet;;AGG_RF;NHMG000_RFu12;Versicherte;25893774
GKV;Booklet;;AGG_RF;NHMG001_RFu12;Versicherte;7521355
GKV;Booklet;;AGG_RF;NHMG002_RFu12;Versicherte;4381934
GKV;Booklet;;AGG_RF;NHMG003_RFu12;Versicherte;2773828
GKV;Booklet;;AGG_RF;NHMG004_RFu12;Versicherte;1793560
GKV;Booklet;;AGG_RF;NHMG005_RFu12;Versicherte;1157134
GKV;Booklet;;AGG_RF;NHMG006_RFu12;Versicherte;745335
GKV;Booklet;;AGG_RF;NHMG007_RFu12;Versicherte;474365
GKV;Booklet;;AGG_RF;NHMG008_RFu12;Versicherte;298450
GKV;Booklet;;AGG_RF;NHMG009_RFu12;Versicherte;185281
GKV;Booklet;;AGG_RF;NHMG010_RFu12;Versicherte;112596
GKV;Booklet;;AGG_RF;NHMG011_RFu12;Versicherte;66313
GKV;Booklet;;AGG_RF;NHMG012_RFu12;Versicherte;38273
GKV;Booklet;;AGG_RF;NHMG013_RFu12;Versicherte;21504
GKV;Booklet;;AGG_RF;NHMG014_RFu12;Versicherte;11898
GKV;Booklet;;AGG_RF;NHMG015_RFu12;Versicherte;6299
GKV;Booklet;;AGG_RF;NHMG016plus_RFu12;Versicherte;6203
GKV;Booklet;;AGG_RF;NHMG000_RFue12;Versicherte;2062592
GKV;Booklet;;AGG_RF;NHMG001_RFue12;Versicherte;706893
GKV;Booklet;;AGG_RF;NHMG002_RFue12;Versicherte;502170
GKV;Booklet;;AGG_RF;NHMG003_RFue12;Versicherte;374935
GKV;Booklet;;AGG_RF;NHMG004_RFue12;Versicherte;277882
GKV;Booklet;;AGG_RF;NHMG005_RFue12;Versicherte;200650
GKV;Booklet;;AGG_RF;NHMG006_RFue12;Versicherte;143588
GKV;Booklet;;AGG_RF;NHMG007_RFue12;Versicherte;100773
GKV;Booklet;;AGG_RF;NHMG008_RFue12;Versicherte;68495
GKV;Booklet;;AGG_RF;NHMG009_RFue12;Versicherte;45892
GKV;Booklet;;AGG_RF;NHMG010_RFue12;Versicherte;29898
GKV;Booklet;;AGG_RF;NHMG011_RFue12;Versicherte;18936
GKV;Booklet;;AGG_RF;NHMG012_RFue12;Versicherte;11712
GKV;Booklet;;AGG_RF;NHMG013_RFue12;Versicherte;6752
GKV;Booklet;;AGG_RF;NHMG014_RFue12;Versicherte;3891
GKV;Booklet;;AGG_RF;NHMG015_RFue12;Versicherte;2221
GKV;Booklet;;AGG_RF;NHMG016plus_RFue12;Versicherte;2230
GKV;Booklet;;Kosten;AGG001_LA_ges;Euro;766367435
GKV;Booklet;;Kosten;AGG002_LA_ges;Euro;1548563269
GKV;Booklet;;Kosten;AGG003_LA_ges;Euro;2241650887
GKV;Booklet;;Kosten;AGG004_LA_ges;Euro;2610547614
GKV;Booklet;;Kosten;AGG005_LA_ges;Euro;3747094432
GKV;Booklet;;Kosten;AGG006_LA_ges;Euro;4218992662
GKV;Booklet;;Kosten;AGG007_LA_ges;Euro;5001944255
GKV;Booklet;;Kosten;AGG008_LA_ges;Euro;4755282450
GKV;Booklet;;Kosten;AGG009_LA_ges;Euro;4231143415
GKV;Booklet;;Kosten;AGG010_LA_ges;Euro;5940807820
GKV;Booklet;;Kosten;AGG011_LA_ges;Euro;7783837326
GKV;Booklet;;Kosten;AGG012_LA_ges;Euro;8026112860
GKV;Booklet;;Kosten;AGG013_LA_ges;Euro;7856725848
GKV;Booklet;;Kosten;AGG014_LA_ges;Euro;8032180019
GKV;Booklet;;Kosten;AGG015_LA_ges;Euro;8091262284
GKV;Booklet;;Kosten;AGG016_LA_ges;Euro;12155363204
GKV;Booklet;;Kosten;AGG017_LA_ges;Euro;9642785817
GKV;Booklet;;Kosten;AGG018_LA_ges;Euro;6574992412
GKV;Booklet;;Kosten;AGG019_LA_ges;Euro;3171543005
GKV;Booklet;;Kosten;AGG020_LA_ges;Euro;795980181
GKV;Booklet;;Kosten;AGG021_LA_ges;Euro;926660096
GKV;Booklet;;Kosten;AGG022_LA_ges;Euro;2050371732
GKV;Booklet;;Kosten;AGG023_LA_ges;Euro;3062270653
GKV;Booklet;;Kosten;AGG024_LA_ges;Euro;2341934497
GKV;Booklet;;Kosten;AGG025_LA_ges;Euro;2794944793
GKV;Booklet;;Kosten;AGG026_LA_ges;Euro;2476105324
GKV;Booklet;;Kosten;AGG027_LA_ges;Euro;2733293737
GKV;Booklet;;Kosten;AGG028_LA_ges;Euro;3034932134
GKV;Booklet;;Kosten;AGG029_LA_ges;Euro;3200242918
GKV;Booklet;;Kosten;AGG030_LA_ges;Euro;4915171831
GKV;Booklet;;Kosten;AGG031_LA_ges;Euro;6775195340
GKV;Booklet;;Kosten;AGG032_LA_ges;Euro;7723464946
GKV;Booklet;;Kosten;AGG033_LA_ges;Euro;7973152613
GKV;Booklet;;Kosten;AGG034_LA_ges;Euro;8185557402
GKV;Booklet;;Kosten;AGG035_LA_ges;Euro;7897362274
GKV;Booklet;;Kosten;AGG036_LA_ges;Euro;10936339109
GKV;Booklet;;Kosten;AGG037_LA_ges;Euro;7256410250
GKV;Booklet;;Kosten;AGG038_LA_ges;Euro;3715281972
GKV;Booklet;;Kosten;AGG039_LA_ges;Euro;1095604135
GKV;Booklet;;Kosten;AGG040_LA_ges;Euro;192802266
GKV;Booklet;;Zuweisung;AGG001_Zuweisung;Euro;772164066
GKV;Booklet;;Zuweisung;AGG002_Zuweisung;Euro;1571020500
GKV;Booklet;;Zuweisung;AGG003_Zuweisung;Euro;2269236581
GKV;Booklet;;Zuweisung;AGG004_Zuweisung;Euro;2625828195
GKV;Booklet;;Zuweisung;AGG005_Zuweisung;Euro;3768541347
GKV;Booklet;;Zuweisung;AGG006_Zuweisung;Euro;4223540473
GKV;Booklet;;Zuweisung;AGG007_Zuweisung;Euro;4991005531
GKV;Booklet;;Zuweisung;AGG008_Zuweisung;Euro;4725771549
GKV;Booklet;;Zuweisung;AGG009_Zuweisung;Euro;4183731699
GKV;Booklet;;Zuweisung;AGG010_Zuweisung;Euro;5848236280
GKV;Booklet;;Zuweisung;AGG011_Zuweisung;Euro;7641957529
GKV;Booklet;;Zuweisung;AGG012_Zuweisung;Euro;7864154763
GKV;Booklet;;Zuweisung;AGG013_Zuweisung;Euro;7689643067
GKV;Booklet;;Zuweisung;AGG014_Zuweisung;Euro;7875066443
GKV;Booklet;;Zuweisung;AGG015_Zuweisung;Euro;7952757604
GKV;Booklet;;Zuweisung;AGG016_Zuweisung;Euro;11945287073
GKV;Booklet;;Zuweisung;AGG017_Zuweisung;Euro;9495480679
GKV;Booklet;;Zuweisung;AGG018_Zuweisung;Euro;6486657915
GKV;Booklet;;Zuweisung;AGG019_Zuweisung;Euro;3132665398
GKV;Booklet;;Zuweisung;AGG020_Zuweisung;Euro;786961213
GKV;Booklet;;Zuweisung;AGG021_Zuweisung;Euro;932976520
GKV;Booklet;;Zuweisung;AGG022_Zuweisung;Euro;2066023645
GKV;Booklet;;Zuweisung;AGG023_Zuweisung;Euro;3073831685
GKV;Booklet;;Zuweisung;AGG024_Zuweisung;Euro;2344119430
GKV;Booklet;;Zuweisung;AGG025_Zuweisung;Euro;2805470916
GKV;Booklet;;Zuweisung;AGG026_Zuweisung;Euro;2470983693
GKV;Booklet;;Zuweisung;AGG027_Zuweisung;Euro;2709585324
GKV;Booklet;;Zuweisung;AGG028_Zuweisung;Euro;2991916788
GKV;Booklet;;Zuweisung;AGG029_Zuweisung;Euro;3149900180
GKV;Booklet;;Zuweisung;AGG030_Zuweisung;Euro;4822309367
GKV;Booklet;;Zuweisung;AGG031_Zuweisung;Euro;6642646449
GKV;Booklet;;Zuweisung;AGG032_Zuweisung;Euro;7564582150
GKV;Booklet;;Zuweisung;AGG033_Zuweisung;Euro;7798093528
GKV;Booklet;;Zuweisung;AGG034_Zuweisung;Euro;8009084251
GKV;Booklet;;Zuweisung;AGG035_Zuweisung;Euro;7743390845
GKV;Booklet;;Zuweisung;AGG036_Zuweisung;Euro;10734672086
GKV;Booklet;;Zuweisung;AGG037_Zuweisung;Euro;7137422550
GKV;Booklet;;Zuweisung;AGG038_Zuweisung;Euro;3659910733
GKV;Booklet;;Zuweisung;AGG039_Zuweisung;Euro;1082643032
GKV;Booklet;;Zuweisung;AGG040_Zuweisung;Euro;191012129
GKV;InfoFile;20. Nov 17;SA500;SA500_DIAG;Diagnosen;120787822
GKV;InfoFile;20. Nov 17;SA500;SA500_Pseudos;Pseudonyme;11947154
GKV;InfoFile;20. Nov 17;SA500;SA500_A00_B99;Diagnosen;3451510
GKV;InfoFile;20. Nov 17;SA500;SA500_C00_D48;Diagnosen;4393673
GKV;InfoFile;20. Nov 17;SA500;SA500_D50_D90;Diagnosen;2454515
GKV;InfoFile;20. Nov 17;SA500;SA500_E00_E90;Diagnosen;12987831
GKV;InfoFile;20. Nov 17;SA500;SA500_F00_F99;Diagnosen;5845762
GKV;InfoFile;20. Nov 17;SA500;SA500_G00_G99;Diagnosen;4125834
GKV;InfoFile;20. Nov 17;SA500;SA500_H00_H59;Diagnosen;1497252
GKV;InfoFile;20. Nov 17;SA500;SA500_H60_H95;Diagnosen;596858
GKV;InfoFile;20. Nov 17;SA500;SA500_I00_I99;Diagnosen;20229808
GKV;InfoFile;20. Nov 17;SA500;SA500_J00_J99;Diagnosen;5315939
GKV;InfoFile;20. Nov 17;SA500;SA500_K00_K93;Diagnosen;6606024
GKV;InfoFile;20. Nov 17;SA500;SA500_L00_L99;Diagnosen;1330349
GKV;InfoFile;20. Nov 17;SA500;SA500_M00_M99;Diagnosen;5754490
GKV;InfoFile;20. Nov 17;SA500;SA500_N00_N99;Diagnosen;6621367
GKV;InfoFile;20. Nov 17;SA500;SA500_O00_O99;Diagnosen;3777417
GKV;InfoFile;20. Nov 17;SA500;SA500_P00_P96;Diagnosen;521016
GKV;InfoFile;20. Nov 17;SA500;SA500_Q00_Q99;Diagnosen;394944
GKV;InfoFile;20. Nov 17;SA500;SA500_R00_R99;Diagnosen;9648760
GKV;InfoFile;20. Nov 17;SA500;SA500_S00_T98;Diagnosen;5097642
GKV;InfoFile;20. Nov 17;SA500;SA500_V01_Y84;Diagnosen;386755
GKV;InfoFile;20. Nov 17;SA500;SA500_Z00_Z99;Diagnosen;17847369
GKV;InfoFile;20. Nov 17;SA500;SA500_U00_U99;Diagnosen;1902707
GKV;InfoFile;20. Nov 17;SA600;SA600_DIAG;Diagnosen;2107367840
GKV;InfoFile;20. Nov 17;SA600;SA600_Pseudos;Pseudonyme;66903864
GKV;InfoFile;20. Nov 17;SA600;SA600_A00_B99;Diagnosen;45274548
GKV;InfoFile;20. Nov 17;SA600;SA600_C00_D48;Diagnosen;61875833
GKV;InfoFile;20. Nov 17;SA600;SA600_D50_D90;Diagnosen;17621586
GKV;InfoFile;20. Nov 17;SA600;SA600_E00_E90;Diagnosen;211853283
GKV;InfoFile;20. Nov 17;SA600;SA600_F00_F99;Diagnosen;138410195
GKV;InfoFile;20. Nov 17;SA600;SA600_G00_G99;Diagnosen;66635423
GKV;InfoFile;20. Nov 17;SA600;SA600_H00_H59;Diagnosen;150883249
GKV;InfoFile;20. Nov 17;SA600;SA600_H60_H95;Diagnosen;42288520
GKV;InfoFile;20. Nov 17;SA600;SA600_I00_I99;Diagnosen;245505514
GKV;InfoFile;20. Nov 17;SA600;SA600_J00_J99;Diagnosen;128866785
GKV;InfoFile;20. Nov 17;SA600;SA600_K00_K93;Diagnosen;110651429
GKV;InfoFile;20. Nov 17;SA600;SA600_L00_L99;Diagnosen;59346976
GKV;InfoFile;20. Nov 17;SA600;SA600_M00_M99;Diagnosen;313508302
GKV;InfoFile;20. Nov 17;SA600;SA600_N00_N99;Diagnosen;123093896
GKV;InfoFile;20. Nov 17;SA600;SA600_O00_O99;Diagnosen;10806665
GKV;InfoFile;20. Nov 17;SA600;SA600_P00_P96;Diagnosen;1233685
GKV;InfoFile;20. Nov 17;SA600;SA600_Q00_Q99;Diagnosen;25094488
GKV;InfoFile;20. Nov 17;SA600;SA600_R00_R99;Diagnosen;119678435
GKV;InfoFile;20. Nov 17;SA600;SA600_S00_T98;Diagnosen;60519707
GKV;InfoFile;20. Nov 17;SA600;SA600_V01_Y84;Diagnosen;328011
GKV;InfoFile;20. Nov 17;SA600;SA600_Z00_Z99;Diagnosen;172342424
GKV;InfoFile;20. Nov 17;SA600;SA600_U00_U99;Diagnosen;1548886
GKV;InfoFile;20. Nov 17;SA700;K0;Pseudonyme;3895280
GKV;KV45;;Bundesland;BL01;Versicherte;2497613
GKV;KV45;;Bundesland;BL10;Versicherte;842659
GKV;KV45;;Bundesland;BL11;Versicherte;3257163
GKV;KV45;;Bundesland;BL12;Versicherte;2463304
GKV;KV45;;Bundesland;BL13;Versicherte;1622910
GKV;KV45;;Bundesland;BL14;Versicherte;4151862
GKV;KV45;;Bundesland;BL15;Versicherte;2311504
GKV;KV45;;Bundesland;BL16;Versicherte;2171135
GKV;KV45;;Bundesland;BL02;Versicherte;1611002
GKV;KV45;;Bundesland;BL03;Versicherte;6756674
GKV;KV45;;Bundesland;BL04;Versicherte;591192
GKV;KV45;;Bundesland;BL05;Versicherte;14921685
GKV;KV45;;Bundesland;BL06;Versicherte;5171994
GKV;KV45;;Bundesland;BL07;Versicherte;3312403
GKV;KV45;;Bundesland;BL08;Versicherte;8961841
GKV;KV45;;Bundesland;BL09;Versicherte;10804197
GKV;INKAR;;Bezirk;Bezirk010;Versicherte;2451068
GKV;INKAR;;Bezirk;Bezirk020;Versicherte;1519049
GKV;INKAR;;Bezirk;Bezirk031;Versicherte;1401978
GKV;INKAR;;Bezirk;Bezirk032;Versicherte;1868560
GKV;INKAR;;Bezirk;Bezirk033;Versicherte;1486779
GKV;INKAR;;Bezirk;Bezirk034;Versicherte;2177690
GKV;INKAR;;Bezirk;Bezirk040;Versicherte;586609
GKV;INKAR;;Bezirk;Bezirk051;Versicherte;4551994
GKV;INKAR;;Bezirk;Bezirk053;Versicherte;3875975
GKV;INKAR;;Bezirk;Bezirk055;Versicherte;2302631
GKV;INKAR;;Bezirk;Bezirk057;Versicherte;1810862
GKV;INKAR;;Bezirk;Bezirk059;Versicherte;3176940
GKV;INKAR;;Bezirk;Bezirk064;Versicherte;3334683
GKV;INKAR;;Bezirk;Bezirk065;Versicherte;892583
GKV;INKAR;;Bezirk;Bezirk066;Versicherte;1046687
GKV;INKAR;;Bezirk;Bezirk071;Versicherte;1258526
GKV;INKAR;;Bezirk;Bezirk072;Versicherte;443133
GKV;INKAR;;Bezirk;Bezirk073;Versicherte;1707923
GKV;INKAR;;Bezirk;Bezirk081;Versicherte;3422892
GKV;INKAR;;Bezirk;Bezirk082;Versicherte;2328662
GKV;INKAR;;Bezirk;Bezirk083;Versicherte;1873471
GKV;INKAR;;Bezirk;Bezirk084;Versicherte;1534503
GKV;INKAR;;Bezirk;Bezirk091;Versicherte;3785100
GKV;INKAR;;Bezirk;Bezirk092;Versicherte;1007097
GKV;INKAR;;Bezirk;Bezirk093;Versicherte;912954
GKV;INKAR;;Bezirk;Bezirk094;Versicherte;894639
GKV;INKAR;;Bezirk;Bezirk095;Versicherte;1445982
GKV;INKAR;;Bezirk;Bezirk096;Versicherte;1099273
GKV;INKAR;;Bezirk;Bezirk097;Versicherte;1529528
GKV;INKAR;;Bezirk;Bezirk100;Versicherte;879367
GKV;INKAR;;Bezirk;Bezirk110;Versicherte;2990011
GKV;INKAR;;Bezirk;Bezirk120;Versicherte;2271068
GKV;INKAR;;Bezirk;Bezirk130;Versicherte;1502874
GKV;INKAR;;Bezirk;Bezirk145;Versicherte;1399509
GKV;INKAR;;Bezirk;Bezirk146;Versicherte;1515715
GKV;INKAR;;Bezirk;Bezirk147;Versicherte;939867
GKV;INKAR;;Bezirk;Bezirk150;Versicherte;2171428
GKV;INKAR;;Bezirk;Bezirk160;Versicherte;2051528
GKV;INKAR;;Kreis;Kreis01001;Einwohner;73090
GKV;INKAR;;Kreis;Kreis01002;Einwohner;210236
GKV;INKAR;;Kreis;Kreis01003;Einwohner;185363
GKV;INKAR;;Kreis;Kreis01004;Einwohner;67073
GKV;INKAR;;Kreis;Kreis01051;Einwohner;115474
GKV;INKAR;;Kreis;Kreis01053;Einwohner;164547
GKV;INKAR;;Kreis;Kreis01054;Einwohner;140941
GKV;INKAR;;Kreis;Kreis01055;Einwohner;172200
GKV;INKAR;;Kreis;Kreis01056;Einwohner;262191
GKV;INKAR;;Kreis;Kreis01057;Einwohner;110233
GKV;INKAR;;Kreis;Kreis01058;Einwohner;233338
GKV;INKAR;;Kreis;Kreis01059;Einwohner;169850
GKV;INKAR;;Kreis;Kreis01060;Einwohner;229097
GKV;INKAR;;Kreis;Kreis01061;Einwohner;113170
GKV;INKAR;;Kreis;Kreis01062;Einwohner;204265
GKV;INKAR;;Kreis;Kreis02000;Einwohner;1519049
GKV;INKAR;;Kreis;Kreis03101;Einwohner;220077
GKV;INKAR;;Kreis;Kreis03102;Einwohner;87413
GKV;INKAR;;Kreis;Kreis03103;Einwohner;109009
GKV;INKAR;;Kreis;Kreis03151;Einwohner;152644
GKV;INKAR;;Kreis;Kreis03152;Einwohner;220987
GKV;INKAR;;Kreis;Kreis03153;Einwohner;122696
GKV;INKAR;;Kreis;Kreis03154;Einwohner;80493
GKV;INKAR;;Kreis;Kreis03155;Einwohner;119873
GKV;INKAR;;Kreis;Kreis03156;Einwohner;66200
GKV;INKAR;;Kreis;Kreis03157;Einwohner;115854
GKV;INKAR;;Kreis;Kreis03158;Einwohner;106733
GKV;INKAR;;Kreis;Kreis03241;Einwohner;996581
GKV;INKAR;;Kreis;Kreis03251;Einwohner;186898
GKV;INKAR;;Kreis;Kreis03252;Einwohner;131529
GKV;INKAR;;Kreis;Kreis03254;Einwohner;244372
GKV;INKAR;;Kreis;Kreis03255;Einwohner;63984
GKV;INKAR;;Kreis;Kreis03256;Einwohner;106686
GKV;INKAR;;Kreis;Kreis03257;Einwohner;138511
GKV;INKAR;;Kreis;Kreis03351;Einwohner;156273
GKV;INKAR;;Kreis;Kreis03352;Einwohner;175016
GKV;INKAR;;Kreis;Kreis03353;Einwohner;216199
GKV;INKAR;;Kreis;Kreis03354;Einwohner;43325
GKV;INKAR;;Kreis;Kreis03355;Einwohner;157319
GKV;INKAR;;Kreis;Kreis03356;Einwohner;98705
GKV;INKAR;;Kreis;Kreis03357;Einwohner;143593
GKV;INKAR;;Kreis;Kreis03358;Einwohner;121288
GKV;INKAR;;Kreis;Kreis03359;Einwohner;174935
GKV;INKAR;;Kreis;Kreis03360;Einwohner;82214
GKV;INKAR;;Kreis;Kreis03361;Einwohner;117913
GKV;INKAR;;Kreis;Kreis03401;Einwohner;65920
GKV;INKAR;;Kreis;Kreis03402;Einwohner;44322
GKV;INKAR;;Kreis;Kreis03403;Einwohner;142082
GKV;INKAR;;Kreis;Kreis03404;Einwohner;139149
GKV;INKAR;;Kreis;Kreis03405;Einwohner;67412
GKV;INKAR;;Kreis;Kreis03451;Einwohner;105811
GKV;INKAR;;Kreis;Kreis03452;Einwohner;166516
GKV;INKAR;;Kreis;Kreis03453;Einwohner;142586
GKV;INKAR;;Kreis;Kreis03454;Einwohner;279240
GKV;INKAR;;Kreis;Kreis03455;Einwohner;86430
GKV;INKAR;;Kreis;Kreis03456;Einwohner;118998
GKV;INKAR;;Kreis;Kreis03457;Einwohner;146695
GKV;INKAR;;Kreis;Kreis03458;Einwohner;111965
GKV;INKAR;;Kreis;Kreis03459;Einwohner;311832
GKV;INKAR;;Kreis;Kreis03460;Einwohner;119452
GKV;INKAR;;Kreis;Kreis03461;Einwohner;79076
GKV;INKAR;;Kreis;Kreis03462;Einwohner;50206
GKV;INKAR;;Kreis;Kreis04011;Einwohner;489484
GKV;INKAR;;Kreis;Kreis04012;Einwohner;97125
GKV;INKAR;;Kreis;Kreis05111;Einwohner;535537
GKV;INKAR;;Kreis;Kreis05112;Einwohner;435502
GKV;INKAR;;Kreis;Kreis05113;Einwohner;509773
GKV;INKAR;;Kreis;Kreis05114;Einwohner;198636
GKV;INKAR;;Kreis;Kreis05116;Einwohner;228488
GKV;INKAR;;Kreis;Kreis05117;Einwohner;149063
GKV;INKAR;;Kreis;Kreis05119;Einwohner;187042
GKV;INKAR;;Kreis;Kreis05120;Einwohner;97463
GKV;INKAR;;Kreis;Kreis05122;Einwohner;139338
GKV;INKAR;;Kreis;Kreis05124;Einwohner;307257
GKV;INKAR;;Kreis;Kreis05154;Einwohner;270770
GKV;INKAR;;Kreis;Kreis05158;Einwohner;426358
GKV;INKAR;;Kreis;Kreis05162;Einwohner;394128
GKV;INKAR;;Kreis;Kreis05166;Einwohner;263813
GKV;INKAR;;Kreis;Kreis05170;Einwohner;408826
GKV;INKAR;;Kreis;Kreis05314;Einwohner;278453
GKV;INKAR;;Kreis;Kreis05315;Einwohner;925092
GKV;INKAR;;Kreis;Kreis05316;Einwohner;143856
GKV;INKAR;;Kreis;Kreis05334;Einwohner;487574
GKV;INKAR;;Kreis;Kreis05358;Einwohner;231131
GKV;INKAR;;Kreis;Kreis05362;Einwohner;408440
GKV;INKAR;;Kreis;Kreis05366;Einwohner;167666
GKV;INKAR;;Kreis;Kreis05370;Einwohner;222050
GKV;INKAR;;Kreis;Kreis05374;Einwohner;241780
GKV;INKAR;;Kreis;Kreis05378;Einwohner;249071
GKV;INKAR;;Kreis;Kreis05382;Einwohner;520862
GKV;INKAR;;Kreis;Kreis05512;Einwohner;103814
GKV;INKAR;;Kreis;Kreis05513;Einwohner;230652
GKV;INKAR;;Kreis;Kreis05515;Einwohner;268095
GKV;INKAR;;Kreis;Kreis05554;Einwohner;325848
GKV;INKAR;;Kreis;Kreis05558;Einwohner;192574
GKV;INKAR;;Kreis;Kreis05562;Einwohner;549127
GKV;INKAR;;Kreis;Kreis05566;Einwohner;388653
GKV;INKAR;;Kreis;Kreis05570;Einwohner;243867
GKV;INKAR;;Kreis;Kreis05711;Einwohner;294176
GKV;INKAR;;Kreis;Kreis05754;Einwohner;315170
GKV;INKAR;;Kreis;Kreis05758;Einwohner;222725
GKV;INKAR;;Kreis;Kreis05762;Einwohner;127727
GKV;INKAR;;Kreis;Kreis05766;Einwohner;308944
GKV;INKAR;;Kreis;Kreis05770;Einwohner;276726
GKV;INKAR;;Kreis;Kreis05774;Einwohner;265394
GKV;INKAR;;Kreis;Kreis05911;Einwohner;323579
GKV;INKAR;;Kreis;Kreis05913;Einwohner;515194
GKV;INKAR;;Kreis;Kreis05914;Einwohner;166377
GKV;INKAR;;Kreis;Kreis05915;Einwohner;157479
GKV;INKAR;;Kreis;Kreis05916;Einwohner;138129
GKV;INKAR;;Kreis;Kreis05954;Einwohner;288690
GKV;INKAR;;Kreis;Kreis05958;Einwohner;234364
GKV;INKAR;;Kreis;Kreis05962;Einwohner;372336
GKV;INKAR;;Kreis;Kreis05966;Einwohner;120713
GKV;INKAR;;Kreis;Kreis05970;Einwohner;245907
GKV;INKAR;;Kreis;Kreis05974;Einwohner;263858
GKV;INKAR;;Kreis;Kreis05978;Einwohner;350314
GKV;INKAR;;Kreis;Kreis06411;Einwohner;130634
GKV;INKAR;;Kreis;Kreis06412;Einwohner;611849
GKV;INKAR;;Kreis;Kreis06413;Einwohner;103991
GKV;INKAR;;Kreis;Kreis06414;Einwohner;238922
GKV;INKAR;;Kreis;Kreis06431;Einwohner;228846
GKV;INKAR;;Kreis;Kreis06432;Einwohner;248986
GKV;INKAR;;Kreis;Kreis06433;Einwohner;224466
GKV;INKAR;;Kreis;Kreis06434;Einwohner;199922
GKV;INKAR;;Kreis;Kreis06435;Einwohner;353313
GKV;INKAR;;Kreis;Kreis06436;Einwohner;198923
GKV;INKAR;;Kreis;Kreis06437;Einwohner;83925
GKV;INKAR;;Kreis;Kreis06438;Einwohner;295129
GKV;INKAR;;Kreis;Kreis06439;Einwohner;158068
GKV;INKAR;;Kreis;Kreis06440;Einwohner;257710
GKV;INKAR;;Kreis;Kreis06531;Einwohner;221429
GKV;INKAR;;Kreis;Kreis06532;Einwohner;219255
GKV;INKAR;;Kreis;Kreis06533;Einwohner;148274
GKV;INKAR;;Kreis;Kreis06534;Einwohner;210818
GKV;INKAR;;Kreis;Kreis06535;Einwohner;92807
GKV;INKAR;;Kreis;Kreis06611;Einwohner;169319
GKV;INKAR;;Kreis;Kreis06631;Einwohner;188710
GKV;INKAR;;Kreis;Kreis06632;Einwohner;104382
GKV;INKAR;;Kreis;Kreis06633;Einwohner;203573
GKV;INKAR;;Kreis;Kreis06634;Einwohner;156532
GKV;INKAR;;Kreis;Kreis06635;Einwohner;136622
GKV;INKAR;;Kreis;Kreis06636;Einwohner;87549
GKV;INKAR;;Kreis;Kreis07111;Einwohner;94445
GKV;INKAR;;Kreis;Kreis07131;Einwohner;107640
GKV;INKAR;;Kreis;Kreis07132;Einwohner;109579
GKV;INKAR;;Kreis;Kreis07133;Einwohner;132561
GKV;INKAR;;Kreis;Kreis07134;Einwohner;68862
GKV;INKAR;;Kreis;Kreis07135;Einwohner;53949
GKV;INKAR;;Kreis;Kreis07137;Einwohner;179072
GKV;INKAR;;Kreis;Kreis07138;Einwohner;153182
GKV;INKAR;;Kreis;Kreis07140;Einwohner;86017
GKV;INKAR;;Kreis;Kreis07141;Einwohner;103605
GKV;INKAR;;Kreis;Kreis07143;Einwohner;169613
GKV;INKAR;;Kreis;Kreis07211;Einwohner;91534
GKV;INKAR;;Kreis;Kreis07231;Einwohner;94445
GKV;INKAR;;Kreis;Kreis07232;Einwohner;82080
GKV;INKAR;;Kreis;Kreis07233;Einwohner;51869
GKV;INKAR;;Kreis;Kreis07235;Einwohner;123206
GKV;INKAR;;Kreis;Kreis07311;Einwohner;40402
GKV;INKAR;;Kreis;Kreis07312;Einwohner;82937
GKV;INKAR;;Kreis;Kreis07313;Einwohner;37409
GKV;INKAR;;Kreis;Kreis07314;Einwohner;137871
GKV;INKAR;;Kreis;Kreis07315;Einwohner;174363
GKV;INKAR;;Kreis;Kreis07316;Einwohner;44729
GKV;INKAR;;Kreis;Kreis07317;Einwohner;34230
GKV;INKAR;;Kreis;Kreis07318;Einwohner;42458
GKV;INKAR;;Kreis;Kreis07319;Einwohner;68541
GKV;INKAR;;Kreis;Kreis07320;Einwohner;29094
GKV;INKAR;;Kreis;Kreis07331;Einwohner;106882
GKV;INKAR;;Kreis;Kreis07332;Einwohner;111856
GKV;INKAR;;Kreis;Kreis07333;Einwohner;64184
GKV;INKAR;;Kreis;Kreis07334;Einwohner;107070
GKV;INKAR;;Kreis;Kreis07335;Einwohner;88874
GKV;INKAR;;Kreis;Kreis07336;Einwohner;60689
GKV;INKAR;;Kreis;Kreis07337;Einwohner;93064
GKV;INKAR;;Kreis;Kreis07338;Einwohner;127244
GKV;INKAR;;Kreis;Kreis07339;Einwohner;173569
GKV;INKAR;;Kreis;Kreis07340;Einwohner;82457
GKV;INKAR;;Kreis;Kreis08111;Einwohner;520641
GKV;INKAR;;Kreis;Kreis08115;Einwohner;319117
GKV;INKAR;;Kreis;Kreis08116;Einwohner;441361
GKV;INKAR;;Kreis;Kreis08117;Einwohner;214368
GKV;INKAR;;Kreis;Kreis08118;Einwohner;449420
GKV;INKAR;;Kreis;Kreis08119;Einwohner;354124
GKV;INKAR;;Kreis;Kreis08121;Einwohner;101770
GKV;INKAR;;Kreis;Kreis08125;Einwohner;280900
GKV;INKAR;;Kreis;Kreis08126;Einwohner;92933
GKV;INKAR;;Kreis;Kreis08127;Einwohner;161700
GKV;INKAR;;Kreis;Kreis08128;Einwohner;111880
GKV;INKAR;;Kreis;Kreis08135;Einwohner;110235
GKV;INKAR;;Kreis;Kreis08136;Einwohner;264442
GKV;INKAR;;Kreis;Kreis08211;Einwohner;45673
GKV;INKAR;;Kreis;Kreis08212;Einwohner;257696
GKV;INKAR;;Kreis;Kreis08215;Einwohner;369771
GKV;INKAR;;Kreis;Kreis08216;Einwohner;192397
GKV;INKAR;;Kreis;Kreis08221;Einwohner;131055
GKV;INKAR;;Kreis;Kreis08222;Einwohner;255617
GKV;INKAR;;Kreis;Kreis08225;Einwohner;121984
GKV;INKAR;;Kreis;Kreis08226;Einwohner;457502
GKV;INKAR;;Kreis;Kreis08231;Einwohner;101453
GKV;INKAR;;Kreis;Kreis08235;Einwohner;130493
GKV;INKAR;;Kreis;Kreis08236;Einwohner;166119
GKV;INKAR;;Kreis;Kreis08237;Einwohner;98902
GKV;INKAR;;Kreis;Kreis08311;Einwohner;189790
GKV;INKAR;;Kreis;Kreis08315;Einwohner;215509
GKV;INKAR;;Kreis;Kreis08316;Einwohner;136280
GKV;INKAR;;Kreis;Kreis08317;Einwohner;355549
GKV;INKAR;;Kreis;Kreis08325;Einwohner;116586
GKV;INKAR;;Kreis;Kreis08326;Einwohner;176698
GKV;INKAR;;Kreis;Kreis08327;Einwohner;114759
GKV;INKAR;;Kreis;Kreis08335;Einwohner;235558
GKV;INKAR;;Kreis;Kreis08336;Einwohner;191218
GKV;INKAR;;Kreis;Kreis08337;Einwohner;141525
GKV;INKAR;;Kreis;Kreis08415;Einwohner;237808
GKV;INKAR;;Kreis;Kreis08416;Einwohner;186559
GKV;INKAR;;Kreis;Kreis08417;Einwohner;159058
GKV;INKAR;;Kreis;Kreis08421;Einwohner;102714
GKV;INKAR;;Kreis;Kreis08425;Einwohner;161881
GKV;INKAR;;Kreis;Kreis08426;Einwohner;162574
GKV;INKAR;;Kreis;Kreis08435;Einwohner;178731
GKV;INKAR;;Kreis;Kreis08436;Einwohner;235672
GKV;INKAR;;Kreis;Kreis08437;Einwohner;109506
GKV;INKAR;;Kreis;Kreis09161;Einwohner;109366
GKV;INKAR;;Kreis;Kreis09162;Einwohner;1192301
GKV;INKAR;;Kreis;Kreis09163;Einwohner;51207
GKV;INKAR;;Kreis;Kreis09171;Einwohner;90589
GKV;INKAR;;Kreis;Kreis09172;Einwohner;86677
GKV;INKAR;;Kreis;Kreis09173;Einwohner;103422
GKV;INKAR;;Kreis;Kreis09174;Einwohner;122299
GKV;INKAR;;Kreis;Kreis09175;Einwohner;112644
GKV;INKAR;;Kreis;Kreis09176;Einwohner;106590
GKV;INKAR;;Kreis;Kreis09177;Einwohner;110299
GKV;INKAR;;Kreis;Kreis09178;Einwohner;143135
GKV;INKAR;;Kreis;Kreis09179;Einwohner;176386
GKV;INKAR;;Kreis;Kreis09180;Einwohner;72362
GKV;INKAR;;Kreis;Kreis09181;Einwohner;97331
GKV;INKAR;;Kreis;Kreis09182;Einwohner;81344
GKV;INKAR;;Kreis;Kreis09183;Einwohner;92505
GKV;INKAR;;Kreis;Kreis09184;Einwohner;279462
GKV;INKAR;;Kreis;Kreis09185;Einwohner;78508
GKV;INKAR;;Kreis;Kreis09186;Einwohner;101617
GKV;INKAR;;Kreis;Kreis09187;Einwohner;211565
GKV;INKAR;;Kreis;Kreis09188;Einwohner;110784
GKV;INKAR;;Kreis;Kreis09189;Einwohner;144282
GKV;INKAR;;Kreis;Kreis09190;Einwohner;110425
GKV;INKAR;;Kreis;Kreis09261;Einwohner;56047
GKV;INKAR;;Kreis;Kreis09262;Einwohner;41883
GKV;INKAR;;Kreis;Kreis09263;Einwohner;38536
GKV;INKAR;;Kreis;Kreis09271;Einwohner;97711
GKV;INKAR;;Kreis;Kreis09272;Einwohner;65742
GKV;INKAR;;Kreis;Kreis09273;Einwohner;97590
GKV;INKAR;;Kreis;Kreis09274;Einwohner;127303
GKV;INKAR;;Kreis;Kreis09275;Einwohner;157245
GKV;INKAR;;Kreis;Kreis09276;Einwohner;64582
GKV;INKAR;;Kreis;Kreis09277;Einwohner;99642
GKV;INKAR;;Kreis;Kreis09278;Einwohner;82423
GKV;INKAR;;Kreis;Kreis09279;Einwohner;78394
GKV;INKAR;;Kreis;Kreis09361;Einwohner;35224
GKV;INKAR;;Kreis;Kreis09362;Einwohner;118800
GKV;INKAR;;Kreis;Kreis09363;Einwohner;35338
GKV;INKAR;;Kreis;Kreis09371;Einwohner;87294
GKV;INKAR;;Kreis;Kreis09372;Einwohner;106331
GKV;INKAR;;Kreis;Kreis09373;Einwohner;108256
GKV;INKAR;;Kreis;Kreis09374;Einwohner;80834
GKV;INKAR;;Kreis;Kreis09375;Einwohner;157507
GKV;INKAR;;Kreis;Kreis09376;Einwohner;121158
GKV;INKAR;;Kreis;Kreis09377;Einwohner;62211
GKV;INKAR;;Kreis;Kreis09461;Einwohner;60272
GKV;INKAR;;Kreis;Kreis09462;Einwohner;60615
GKV;INKAR;;Kreis;Kreis09463;Einwohner;34718
GKV;INKAR;;Kreis;Kreis09464;Einwohner;37706
GKV;INKAR;;Kreis;Kreis09471;Einwohner;122314
GKV;INKAR;;Kreis;Kreis09472;Einwohner;88617
GKV;INKAR;;Kreis;Kreis09473;Einwohner;73443
GKV;INKAR;;Kreis;Kreis09474;Einwohner;96059
GKV;INKAR;;Kreis;Kreis09475;Einwohner;82231
GKV;INKAR;;Kreis;Kreis09476;Einwohner;57999
GKV;INKAR;;Kreis;Kreis09477;Einwohner;61738
GKV;INKAR;;Kreis;Kreis09478;Einwohner;56441
GKV;INKAR;;Kreis;Kreis09479;Einwohner;62487
GKV;INKAR;;Kreis;Kreis09561;Einwohner;33740
GKV;INKAR;;Kreis;Kreis09562;Einwohner;89453
GKV;INKAR;;Kreis;Kreis09563;Einwohner;101466
GKV;INKAR;;Kreis;Kreis09564;Einwohner;422500
GKV;INKAR;;Kreis;Kreis09565;Einwohner;33492
GKV;INKAR;;Kreis;Kreis09571;Einwohner;151523
GKV;INKAR;;Kreis;Kreis09572;Einwohner;111801
GKV;INKAR;;Kreis;Kreis09573;Einwohner;96981
GKV;INKAR;;Kreis;Kreis09574;Einwohner;139739
GKV;INKAR;;Kreis;Kreis09575;Einwohner;82558
GKV;INKAR;;Kreis;Kreis09576;Einwohner;104534
GKV;INKAR;;Kreis;Kreis09577;Einwohner;78195
GKV;INKAR;;Kreis;Kreis09661;Einwohner;57457
GKV;INKAR;;Kreis;Kreis09662;Einwohner;43913
GKV;INKAR;;Kreis;Kreis09663;Einwohner;105607
GKV;INKAR;;Kreis;Kreis09671;Einwohner;146337
GKV;INKAR;;Kreis;Kreis09672;Einwohner;87117
GKV;INKAR;;Kreis;Kreis09673;Einwohner;67723
GKV;INKAR;;Kreis;Kreis09674;Einwohner;71216
GKV;INKAR;;Kreis;Kreis09675;Einwohner;74610
GKV;INKAR;;Kreis;Kreis09676;Einwohner;108327
GKV;INKAR;;Kreis;Kreis09677;Einwohner;106960
GKV;INKAR;;Kreis;Kreis09678;Einwohner;95706
GKV;INKAR;;Kreis;Kreis09679;Einwohner;134302
GKV;INKAR;;Kreis;Kreis09761;Einwohner;234204
GKV;INKAR;;Kreis;Kreis09762;Einwohner;35366
GKV;INKAR;;Kreis;Kreis09763;Einwohner;55086
GKV;INKAR;;Kreis;Kreis09764;Einwohner;35377
GKV;INKAR;;Kreis;Kreis09771;Einwohner;108772
GKV;INKAR;;Kreis;Kreis09772;Einwohner;204028
GKV;INKAR;;Kreis;Kreis09773;Einwohner;78871
GKV;INKAR;;Kreis;Kreis09774;Einwohner;102218
GKV;INKAR;;Kreis;Kreis09775;Einwohner;141130
GKV;INKAR;;Kreis;Kreis09776;Einwohner;66854
GKV;INKAR;;Kreis;Kreis09777;Einwohner;114138
GKV;INKAR;;Kreis;Kreis09778;Einwohner;116436
GKV;INKAR;;Kreis;Kreis09779;Einwohner;109608
GKV;INKAR;;Kreis;Kreis09780;Einwohner;127440
GKV;INKAR;;Kreis;Kreis10041;Einwohner;289340
GKV;INKAR;;Kreis;Kreis10042;Einwohner;91543
GKV;INKAR;;Kreis;Kreis10043;Einwohner;118249
GKV;INKAR;;Kreis;Kreis10044;Einwohner;173949
GKV;INKAR;;Kreis;Kreis10045;Einwohner;127683
GKV;INKAR;;Kreis;Kreis10046;Einwohner;78603
GKV;INKAR;;Kreis;Kreis11000;Einwohner;2990011
GKV;INKAR;;Kreis;Kreis12051;Einwohner;65866
GKV;INKAR;;Kreis;Kreis12052;Einwohner;92352
GKV;INKAR;;Kreis;Kreis12053;Einwohner;53798
GKV;INKAR;;Kreis;Kreis12054;Einwohner;149725
GKV;INKAR;;Kreis;Kreis12060;Einwohner;161117
GKV;INKAR;;Kreis;Kreis12061;Einwohner;149099
GKV;INKAR;;Kreis;Kreis12062;Einwohner;98436
GKV;INKAR;;Kreis;Kreis12063;Einwohner;142683
GKV;INKAR;;Kreis;Kreis12064;Einwohner;174019
GKV;INKAR;;Kreis;Kreis12065;Einwohner;188247
GKV;INKAR;;Kreis;Kreis12066;Einwohner;105563
GKV;INKAR;;Kreis;Kreis12067;Einwohner;163988
GKV;INKAR;;Kreis;Kreis12068;Einwohner;91748
GKV;INKAR;;Kreis;Kreis12069;Einwohner;190573
GKV;INKAR;;Kreis;Kreis12070;Einwohner;72321
GKV;INKAR;;Kreis;Kreis12071;Einwohner;110252
GKV;INKAR;;Kreis;Kreis12072;Einwohner;148779
GKV;INKAR;;Kreis;Kreis12073;Einwohner;112502
GKV;INKAR;;Kreis;Kreis13003;Einwohner;191500
GKV;INKAR;;Kreis;Kreis13004;Einwohner;86212
GKV;INKAR;;Kreis;Kreis13071;Einwohner;247022
GKV;INKAR;;Kreis;Kreis13072;Einwohner;198206
GKV;INKAR;;Kreis;Kreis13073;Einwohner;210024
GKV;INKAR;;Kreis;Kreis13074;Einwohner;146159
GKV;INKAR;;Kreis;Kreis13075;Einwohner;224216
GKV;INKAR;;Kreis;Kreis13076;Einwohner;199534
GKV;INKAR;;Kreis;Kreis14511;Einwohner;230580
GKV;INKAR;;Kreis;Kreis14521;Einwohner;334701
GKV;INKAR;;Kreis;Kreis14522;Einwohner;299719
GKV;INKAR;;Kreis;Kreis14523;Einwohner;222909
GKV;INKAR;;Kreis;Kreis14524;Einwohner;311600
GKV;INKAR;;Kreis;Kreis14612;Einwohner;505662
GKV;INKAR;;Kreis;Kreis14625;Einwohner;293773
GKV;INKAR;;Kreis;Kreis14626;Einwohner;249774
GKV;INKAR;;Kreis;Kreis14627;Einwohner;232194
GKV;INKAR;;Kreis;Kreis14628;Einwohner;234312
GKV;INKAR;;Kreis;Kreis14713;Einwohner;506432
GKV;INKAR;;Kreis;Kreis14729;Einwohner;245418
GKV;INKAR;;Kreis;Kreis14730;Einwohner;188016
GKV;INKAR;;Kreis;Kreis15001;Einwohner;80891
GKV;INKAR;;Kreis;Kreis15002;Einwohner;224018
GKV;INKAR;;Kreis;Kreis15003;Einwohner;223492
GKV;INKAR;;Kreis;Kreis15081;Einwohner;83499
GKV;INKAR;;Kreis;Kreis15082;Einwohner;161391
GKV;INKAR;;Kreis;Kreis15083;Einwohner;167319
GKV;INKAR;;Kreis;Kreis15084;Einwohner;178928
GKV;INKAR;;Kreis;Kreis15085;Einwohner;213839
GKV;INKAR;;Kreis;Kreis15086;Einwohner;88732
GKV;INKAR;;Kreis;Kreis15087;Einwohner;138578
GKV;INKAR;;Kreis;Kreis15088;Einwohner;181573
GKV;INKAR;;Kreis;Kreis15089;Einwohner;192239
GKV;INKAR;;Kreis;Kreis15090;Einwohner;111708
GKV;INKAR;;Kreis;Kreis15091;Einwohner;125220
GKV;INKAR;;Kreis;Kreis16051;Einwohner;194516
GKV;INKAR;;Kreis;Kreis16052;Einwohner;90172
GKV;INKAR;;Kreis;Kreis16053;Einwohner;102232
GKV;INKAR;;Kreis;Kreis16054;Einwohner;33861
GKV;INKAR;;Kreis;Kreis16055;Einwohner;60112
GKV;INKAR;;Kreis;Kreis16056;Einwohner;39464
GKV;INKAR;;Kreis;Kreis16061;Einwohner;95844
GKV;INKAR;;Kreis;Kreis16062;Einwohner;81061
GKV;INKAR;;Kreis;Kreis16063;Einwohner;119895
GKV;INKAR;;Kreis;Kreis16064;Einwohner;98971
GKV;INKAR;;Kreis;Kreis16065;Einwohner;73728
GKV;INKAR;;Kreis;Kreis16066;Einwohner;119222
GKV;INKAR;;Kreis;Kreis16067;Einwohner;128318
GKV;INKAR;;Kreis;Kreis16068;Einwohner;67250
GKV;INKAR;;Kreis;Kreis16069;Einwohner;61742
GKV;INKAR;;Kreis;Kreis16070;Einwohner;103446
GKV;INKAR;;Kreis;Kreis16071;Einwohner;77571
GKV;INKAR;;Kreis;Kreis16072;Einwohner;54356
GKV;INKAR;;Kreis;Kreis16073;Einwohner;104727
GKV;INKAR;;Kreis;Kreis16074;Einwohner;79752
GKV;INKAR;;Kreis;Kreis16075;Einwohner;79422
GKV;INKAR;;Kreis;Kreis16076;Einwohner;96999
GKV;INKAR;;Kreis;Kreis16077;Einwohner;88870
GKV;BVA_Krankheitsauswahl;;Morbi_Krankheiten;KNR1;VJ;490311
GKV;BVA_Krankheitsauswahl;;Morbi_Krankheiten;KNR2;VJ;210897
GKV;BVA_Krankheitsauswahl;;Morbi_Krankheiten;KNR3;VJ;41630
GKV;BVA_Krankheitsauswahl;;Morbi_Krankheiten;KNR4;VJ;56276
GKV;BVA_Krankheitsauswahl;;Morbi_Krankheiten;KNR5;VJ;128207
GKV;BVA_Krankheitsauswahl;;Morbi_Krankheiten;KNR6;VJ;102396
GKV;BVA_Krankheitsauswahl;;Morbi_Krankheiten;KNR7;VJ;25077
GKV;BVA_Krankheitsauswahl;;Morbi_Krankheiten;KNR8;VJ;155333
GKV;BVA_Krankheitsauswahl;;Morbi_Krankheiten;KNR9;VJ;13254
GKV;BVA_Krankheitsauswahl;;Morbi_Krankheiten;KNR10;VJ;792
GKV;BVA_Krankheitsauswahl;;Morbi_Krankheiten;KNR11;VJ;167698
GKV;BVA_Krankheitsauswahl;;Morbi_Krankheiten;KNR12;VJ;181002
GKV;BVA_Krankheitsauswahl;;Morbi_Krankheiten;KNR13;VJ;26545
GKV;BVA_Krankheitsauswahl;;Morbi_Krankheiten;KNR14;VJ;71152
GKV;BVA_Krankheitsauswahl;;Morbi_Krankheiten;KNR15;VJ;41541
GKV;BVA_Krankheitsauswahl;;Morbi_Krankheiten;KNR16;VJ;1345616
GKV;BVA_Krankheitsauswahl;;Morbi_Krankheiten;KNR17;VJ;974583
GKV;BVA_Krankheitsauswahl;;Morbi_Krankheiten;KNR18;VJ;299691
GKV;BVA_Krankheitsauswahl;;Morbi_Krankheiten;KNR19;VJ;13123
GKV;BVA_Krankheitsauswahl;;Morbi_Krankheiten;KNR20;VJ;60418
GKV;BVA_Krankheitsauswahl;;Morbi_Krankheiten;KNR21;VJ;121546
GKV;BVA_Krankheitsauswahl;;Morbi_Krankheiten;KNR22;VJ;31676
GKV;BVA_Krankheitsauswahl;;Morbi_Krankheiten;KNR23;VJ;320210
GKV;BVA_Krankheitsauswahl;;Morbi_Krankheiten;KNR24;VJ;83194
GKV;BVA_Krankheitsauswahl;;Morbi_Krankheiten;KNR25;VJ;540579
GKV;BVA_Krankheitsauswahl;;Morbi_Krankheiten;KNR26;VJ;186634
GKV;BVA_Krankheitsauswahl;;Morbi_Krankheiten;KNR27;VJ;360042
GKV;BVA_Krankheitsauswahl;;Morbi_Krankheiten;KNR28;VJ;50628
GKV;BVA_Krankheitsauswahl;;Morbi_Krankheiten;KNR29;VJ;198844
GKV;BVA_Krankheitsauswahl;;Morbi_Krankheiten;KNR30;VJ;792503
GKV;BVA_Krankheitsauswahl;;Morbi_Krankheiten;KNR31;VJ;795528
GKV;BVA_Krankheitsauswahl;;Morbi_Krankheiten;KNR32;VJ;835475
GKV;BVA_Krankheitsauswahl;;Morbi_Krankheiten;KNR33;VJ;56847
GKV;BVA_Krankheitsauswahl;;Morbi_Krankheiten;KNR34;VJ;90074
GKV;BVA_Krankheitsauswahl;;Morbi_Krankheiten;KNR35;VJ;511061
GKV;BVA_Krankheitsauswahl;;Morbi_Krankheiten;KNR36;VJ;346634
GKV;BVA_Krankheitsauswahl;;Morbi_Krankheiten;KNR37;VJ;466527
GKV;BVA_Krankheitsauswahl;;Morbi_Krankheiten;KNR38;VJ;930949
GKV;BVA_Krankheitsauswahl;;Morbi_Krankheiten;KNR39;VJ;18821
GKV;BVA_Krankheitsauswahl;;Morbi_Krankheiten;KNR40;VJ;2188905
GKV;BVA_Krankheitsauswahl;;Morbi_Krankheiten;KNR41;VJ;1670724
GKV;BVA_Krankheitsauswahl;;Morbi_Krankheiten;KNR42;VJ;669679
GKV;BVA_Krankheitsauswahl;;Morbi_Krankheiten;KNR43;VJ;809601
GKV;BVA_Krankheitsauswahl;;Morbi_Krankheiten;KNR44;VJ;322028
GKV;BVA_Krankheitsauswahl;;Morbi_Krankheiten;KNR45;VJ;326852
GKV;BVA_Krankheitsauswahl;;Morbi_Krankheiten;KNR46;VJ;83631
GKV;BVA_Krankheitsauswahl;;Morbi_Krankheiten;KNR47;VJ;193393
GKV;BVA_Krankheitsauswahl;;Morbi_Krankheiten;KNR48;VJ;50755
GKV;BVA_Krankheitsauswahl;;Morbi_Krankheiten;KNR50;VJ;852849
GKV;BVA_Krankheitsauswahl;;Morbi_Krankheiten;KNR51;VJ;105671
GKV;BVA_Krankheitsauswahl;;Morbi_Krankheiten;KNR52;VJ;268221
GKV;BVA_Krankheitsauswahl;;Morbi_Krankheiten;KNR53;VJ;274187
GKV;BVA_Krankheitsauswahl;;Morbi_Krankheiten;KNR54;VJ;75326
GKV;BVA_Krankheitsauswahl;;Morbi_Krankheiten;KNR55;VJ;5312350
GKV;BVA_Krankheitsauswahl;;Morbi_Krankheiten;KNR56;VJ;1126670
GKV;BVA_Krankheitsauswahl;;Morbi_Krankheiten;KNR57;VJ;5692018
GKV;BVA_Krankheitsauswahl;;Morbi_Krankheiten;KNR58;VJ;7034753
GKV;BVA_Krankheitsauswahl;;Morbi_Krankheiten;KNR59;VJ;45311
GKV;BVA_Krankheitsauswahl;;Morbi_Krankheiten;KNR60;VJ;13676
GKV;BVA_Krankheitsauswahl;;Morbi_Krankheiten;KNR61;VJ;1729251
GKV;BVA_Krankheitsauswahl;;Morbi_Krankheiten;KNR62;VJ;301239
GKV;BVA_Krankheitsauswahl;;Morbi_Krankheiten;KNR63;VJ;105250
GKV;BVA_Krankheitsauswahl;;Morbi_Krankheiten;KNR64;VJ;72792
GKV;BVA_Krankheitsauswahl;;Morbi_Krankheiten;KNR65;VJ;502647
GKV;BVA_Krankheitsauswahl;;Morbi_Krankheiten;KNR66;VJ;1135609
GKV;BVA_Krankheitsauswahl;;Morbi_Krankheiten;KNR67;VJ;313205
GKV;BVA_Krankheitsauswahl;;Morbi_Krankheiten;KNR68;VJ;18924
GKV;BVA_Krankheitsauswahl;;Morbi_Krankheiten;KNR69;VJ;2004121
GKV;BVA_Krankheitsauswahl;;Morbi_Krankheiten;KNR70;VJ;101543
GKV;BVA_Krankheitsauswahl;;Morbi_Krankheiten;KNR71;VJ;498071
GKV;BVA_Krankheitsauswahl;;Morbi_Krankheiten;KNR72;VJ;11988073
GKV;BVA_Krankheitsauswahl;;Morbi_Krankheiten;KNR73;VJ;3914041
GKV;BVA_Krankheitsauswahl;;Morbi_Krankheiten;KNR74;VJ;1371375
GKV;BVA_Krankheitsauswahl;;Morbi_Krankheiten;KNR75;VJ;308385
GKV;BVA_Krankheitsauswahl;;Morbi_Krankheiten;KNR76;VJ;673465
GKV;BVA_Krankheitsauswahl;;Morbi_Krankheiten;KNR77;VJ;1372088
GKV;BVA_Krankheitsauswahl;;Morbi_Krankheiten;KNR78;VJ;9894
GKV;BVA_Krankheitsauswahl;;Morbi_Krankheiten;KNR79;VJ;637471
GKV;BVA_Krankheitsauswahl;;Morbi_Krankheiten;KNR80;VJ;206123
GKV;BVA_Krankheitsauswahl;;Morbi_Krankheiten;KNR81;VJ;7861857
GKV;BVA_Krankheitsauswahl;;Morbi_Krankheiten;KNR82;VJ;3272590
GKV;BVA_Krankheitsauswahl;;Morbi_Krankheiten;KNR83;VJ;2148206
GKV;BVA_Krankheitsauswahl;;Morbi_Krankheiten;KNR84;VJ;3537717
GKV;BVA_Krankheitsauswahl;;Morbi_Krankheiten;KNR85;VJ;4251935
GKV;BVA_Krankheitsauswahl;;Morbi_Krankheiten;KNR86;VJ;253979
GKV;BVA_Krankheitsauswahl;;Morbi_Krankheiten;KNR87;VJ;984621
GKV;BVA_Krankheitsauswahl;;Morbi_Krankheiten;KNR88;VJ;323728
GKV;BVA_Krankheitsauswahl;;Morbi_Krankheiten;KNR89;VJ;128688
GKV;BVA_Krankheitsauswahl;;Morbi_Krankheiten;KNR90;VJ;64659
GKV;BVA_Krankheitsauswahl;;Morbi_Krankheiten;KNR91;VJ;1311309
GKV;BVA_Krankheitsauswahl;;Morbi_Krankheiten;KNR92;VJ;135507
GKV;BVA_Krankheitsauswahl;;Morbi_Krankheiten;KNR93;VJ;1181173
GKV;BVA_Krankheitsauswahl;;Morbi_Krankheiten;KNR94;VJ;2256200
GKV;BVA_Krankheitsauswahl;;Morbi_Krankheiten;KNR95;VJ;66409
GKV;BVA_Krankheitsauswahl;;Morbi_Krankheiten;KNR96;VJ;20983
GKV;BVA_Krankheitsauswahl;;Morbi_Krankheiten;KNR97;VJ;8766
GKV;BVA_Krankheitsauswahl;;Morbi_Krankheiten;KNR98;VJ;36174
GKV;BVA_Krankheitsauswahl;;Morbi_Krankheiten;KNR99;VJ;53504
GKV;BVA_Krankheitsauswahl;;Morbi_Krankheiten;KNR100;VJ;357716
GKV;BVA_Krankheitsauswahl;;Morbi_Krankheiten;KNR101;VJ;942483
GKV;BVA_Krankheitsauswahl;;Morbi_Krankheiten;KNR102;VJ;136891
GKV;BVA_Krankheitsauswahl;;Morbi_Krankheiten;KNR103;VJ;252120
GKV;BVA_Krankheitsauswahl;;Morbi_Krankheiten;KNR104;VJ;878942
GKV;BVA_Krankheitsauswahl;;Morbi_Krankheiten;KNR105;VJ;2303918
GKV;BVA_Krankheitsauswahl;;Morbi_Krankheiten;KNR106;VJ;43322
GKV;BVA_Krankheitsauswahl;;Morbi_Krankheiten;KNR107;VJ;586233
GKV;BVA_Krankheitsauswahl;;Morbi_Krankheiten;KNR108;VJ;1352788
GKV;BVA_Krankheitsauswahl;;Morbi_Krankheiten;KNR109;VJ;1608775
GKV;BVA_Krankheitsauswahl;;Morbi_Krankheiten;KNR110;VJ;1009466
GKV;BVA_Krankheitsauswahl;;Morbi_Krankheiten;KNR111;VJ;1353856
GKV;BVA_Krankheitsauswahl;;Morbi_Krankheiten;KNR112;VJ;361907
GKV;BVA_Krankheitsauswahl;;Morbi_Krankheiten;KNR113;VJ;6546910
GKV;BVA_Krankheitsauswahl;;Morbi_Krankheiten;KNR115;VJ;1443559
GKV;BVA_Krankheitsauswahl;;Morbi_Krankheiten;KNR116;VJ;23511
GKV;BVA_Krankheitsauswahl;;Morbi_Krankheiten;KNR117;VJ;2340296
GKV;BVA_Krankheitsauswahl;;Morbi_Krankheiten;KNR118;VJ;52289
GKV;BVA_Krankheitsauswahl;;Morbi_Krankheiten;KNR119;VJ;49862
GKV;BVA_Krankheitsauswahl;;Morbi_Krankheiten;KNR120;VJ;31360
GKV;BVA_Krankheitsauswahl;;Morbi_Krankheiten;KNR121;VJ;1010533
GKV;BVA_Krankheitsauswahl;;Morbi_Krankheiten;KNR122;VJ;73741
GKV;BVA_Krankheitsauswahl;;Morbi_Krankheiten;KNR123;VJ;107498
GKV;BVA_Krankheitsauswahl;;Morbi_Krankheiten;KNR124;VJ;171515
GKV;BVA_Krankheitsauswahl;;Morbi_Krankheiten;KNR125;VJ;141800
GKV;BVA_Krankheitsauswahl;;Morbi_Krankheiten;KNR126;VJ;28877
GKV;BVA_Krankheitsauswahl;;Morbi_Krankheiten;KNR127;VJ;43286
GKV;BVA_Krankheitsauswahl;;Morbi_Krankheiten;KNR128;VJ;39598
GKV;BVA_Krankheitsauswahl;;Morbi_Krankheiten;KNR129;VJ;80748
GKV;BVA_Krankheitsauswahl;;Morbi_Krankheiten;KNR130;VJ;3260834
GKV;BVA_Krankheitsauswahl;;Morbi_Krankheiten;KNR131;VJ;186496
GKV;BVA_Krankheitsauswahl;;Morbi_Krankheiten;KNR134;VJ;142562
GKV;BVA_Krankheitsauswahl;;Morbi_Krankheiten;KNR135;VJ;1133714
GKV;BVA_Krankheitsauswahl;;Morbi_Krankheiten;KNR136;VJ;1553471
GKV;BVA_Krankheitsauswahl;;Morbi_Krankheiten;KNR137;VJ;2152081
GKV;BVA_Krankheitsauswahl;;Morbi_Krankheiten;KNR138;VJ;692645
GKV;BVA_Krankheitsauswahl;;Morbi_Krankheiten;KNR139;VJ;764603
GKV;BVA_Krankheitsauswahl;;Morbi_Krankheiten;KNR140;VJ;5625522
GKV;BVA_Krankheitsauswahl;;Morbi_Krankheiten;KNR141;VJ;445760
GKV;BVA_Krankheitsauswahl;;Morbi_Krankheiten;KNR142;VJ;5275879
GKV;BVA_Krankheitsauswahl;;Morbi_Krankheiten;KNR143;VJ;53895
GKV;BVA_Krankheitsauswahl;;Morbi_Krankheiten;KNR144;VJ;760927
GKV;BVA_Krankheitsauswahl;;Morbi_Krankheiten;KNR145;VJ;58600
GKV;BVA_Krankheitsauswahl;;Morbi_Krankheiten;KNR146;VJ;108839
GKV;BVA_Krankheitsauswahl;;Morbi_Krankheiten;KNR147;VJ;578736
GKV;BVA_Krankheitsauswahl;;Morbi_Krankheiten;KNR148;VJ;2304224
GKV;BVA_Krankheitsauswahl;;Morbi_Krankheiten;KNR149;VJ;2956645
GKV;BVA_Krankheitsauswahl;;Morbi_Krankheiten;KNR150;VJ;18488
GKV;BVA_Krankheitsauswahl;;Morbi_Krankheiten;KNR151;VJ;2359876
GKV;BVA_Krankheitsauswahl;;Morbi_Krankheiten;KNR152;VJ;19461820
GKV;BVA_Krankheitsauswahl;;Morbi_Krankheiten;KNR153;VJ;4615833
GKV;BVA_Krankheitsauswahl;;Morbi_Krankheiten;KNR154;VJ;483062
GKV;BVA_Krankheitsauswahl;;Morbi_Krankheiten;KNR155;VJ;49028
GKV;BVA_Krankheitsauswahl;;Morbi_Krankheiten;KNR156;VJ;44685
GKV;BVA_Krankheitsauswahl;;Morbi_Krankheiten;KNR157;VJ;1094561
GKV;BVA_Krankheitsauswahl;;Morbi_Krankheiten;KNR159;VJ;135168
GKV;BVA_Krankheitsauswahl;;Morbi_Krankheiten;KNR160;VJ;3484463
GKV;BVA_Krankheitsauswahl;;Morbi_Krankheiten;KNR161;VJ;734888
GKV;BVA_Krankheitsauswahl;;Morbi_Krankheiten;KNR162;VJ;2924148
GKV;BVA_Krankheitsauswahl;;Morbi_Krankheiten;KNR163;VJ;356104
GKV;BVA_Krankheitsauswahl;;Morbi_Krankheiten;KNR164;VJ;2847796
GKV;BVA_Krankheitsauswahl;;Morbi_Krankheiten;KNR165;VJ;8443
GKV;BVA_Krankheitsauswahl;;Morbi_Krankheiten;KNR166;VJ;391934
GKV;BVA_Krankheitsauswahl;;Morbi_Krankheiten;KNR167;VJ;88563
GKV;BVA_Krankheitsauswahl;;Morbi_Krankheiten;KNR168;VJ;9385
GKV;BVA_Krankheitsauswahl;;Morbi_Krankheiten;KNR169;VJ;88543
GKV;BVA_Krankheitsauswahl;;Morbi_Krankheiten;KNR170;VJ;208573
GKV;BVA_Krankheitsauswahl;;Morbi_Krankheiten;KNR171;VJ;194794
GKV;BVA_Krankheitsauswahl;;Morbi_Krankheiten;KNR172;VJ;431248
GKV;BVA_Krankheitsauswahl;;Morbi_Krankheiten;KNR173;VJ;3784205
GKV;BVA_Krankheitsauswahl;;Morbi_Krankheiten;KNR174;VJ;459708
GKV;BVA_Krankheitsauswahl;;Morbi_Krankheiten;KNR175;VJ;1427746
GKV;BVA_Krankheitsauswahl;;Morbi_Krankheiten;KNR176;VJ;940430
GKV;BVA_Krankheitsauswahl;;Morbi_Krankheiten;KNR177;VJ;754424
GKV;BVA_Krankheitsauswahl;;Morbi_Krankheiten;KNR178;VJ;975
GKV;BVA_Krankheitsauswahl;;Morbi_Krankheiten;KNR179;VJ;6586881
GKV;BVA_Krankheitsauswahl;;Morbi_Krankheiten;KNR180;VJ;91111
GKV;BVA_Krankheitsauswahl;;Morbi_Krankheiten;KNR181;VJ;394149
GKV;BVA_Krankheitsauswahl;;Morbi_Krankheiten;KNR182;VJ;1157621
GKV;BVA_Krankheitsauswahl;;Morbi_Krankheiten;KNR183;VJ;796030
GKV;BVA_Krankheitsauswahl;;Morbi_Krankheiten;KNR184;VJ;3883205
GKV;BVA_Krankheitsauswahl;;Morbi_Krankheiten;KNR185;VJ;268310
GKV;BVA_Krankheitsauswahl;;Morbi_Krankheiten;KNR186;VJ;1596383
GKV;BVA_Krankheitsauswahl;;Morbi_Krankheiten;KNR187;VJ;1137083
GKV;BVA_Krankheitsauswahl;;Morbi_Krankheiten;KNR188;VJ;8333
GKV;BVA_Krankheitsauswahl;;Morbi_Krankheiten;KNR189;VJ;3091059
GKV;BVA_Krankheitsauswahl;;Morbi_Krankheiten;KNR190;VJ;4186388
GKV;BVA_Krankheitsauswahl;;Morbi_Krankheiten;KNR191;VJ;119781
GKV;BVA_Krankheitsauswahl;;Morbi_Krankheiten;KNR192;VJ;102849
GKV;BVA_Krankheitsauswahl;;Morbi_Krankheiten;KNR193;VJ;4994
GKV;BVA_Krankheitsauswahl;;Morbi_Krankheiten;KNR194;VJ;475499
GKV;BVA_Krankheitsauswahl;;Morbi_Krankheiten;KNR195;VJ;3932
GKV;BVA_Krankheitsauswahl;;Morbi_Krankheiten;KNR196;VJ;101339
GKV;BVA_Krankheitsauswahl;;Morbi_Krankheiten;KNR197;VJ;159031
GKV;BVA_Krankheitsauswahl;;Morbi_Krankheiten;KNR198;VJ;446337
GKV;BVA_Krankheitsauswahl;;Morbi_Krankheiten;KNR199;VJ;350642
GKV;BVA_Krankheitsauswahl;;Morbi_Krankheiten;KNR200;VJ;54699
GKV;BVA_Krankheitsauswahl;;Morbi_Krankheiten;KNR201;VJ;142451
GKV;BVA_Krankheitsauswahl;;Morbi_Krankheiten;KNR202;VJ;48044
GKV;BVA_Krankheitsauswahl;;Morbi_Krankheiten;KNR203;VJ;4166441
GKV;BVA_Krankheitsauswahl;;Morbi_Krankheiten;KNR204;VJ;10190
GKV;BVA_Krankheitsauswahl;;Morbi_Krankheiten;KNR205;VJ;372065
GKV;BVA_Krankheitsauswahl;;Morbi_Krankheiten;KNR206;VJ;4506411
GKV;BVA_Krankheitsauswahl;;Morbi_Krankheiten;KNR207;VJ;10831
GKV;BVA_Krankheitsauswahl;;Morbi_Krankheiten;KNR208;VJ;155188
GKV;BVA_Krankheitsauswahl;;Morbi_Krankheiten;KNR209;VJ;97393
GKV;BVA_Krankheitsauswahl;;Morbi_Krankheiten;KNR210;VJ;1897310
GKV;BVA_Krankheitsauswahl;;Morbi_Krankheiten;KNR211;VJ;484763
GKV;BVA_Krankheitsauswahl;;Morbi_Krankheiten;KNR212;VJ;31207
GKV;BVA_Krankheitsauswahl;;Morbi_Krankheiten;KNR213;VJ;174916
GKV;BVA_Krankheitsauswahl;;Morbi_Krankheiten;KNR214;VJ;2004828
GKV;BVA_Krankheitsauswahl;;Morbi_Krankheiten;KNR215;VJ;463128
GKV;BVA_Krankheitsauswahl;;Morbi_Krankheiten;KNR216;VJ;1449569
GKV;BVA_Krankheitsauswahl;;Morbi_Krankheiten;KNR217;VJ;80985
GKV;BVA_Krankheitsauswahl;;Morbi_Krankheiten;KNR218;VJ;19409
GKV;BVA_Krankheitsauswahl;;Morbi_Krankheiten;KNR219;VJ;139055
GKV;BVA_Krankheitsauswahl;;Morbi_Krankheiten;KNR220;VJ;269720
GKV;BVA_Krankheitsauswahl;;Morbi_Krankheiten;KNR221;VJ;114444
GKV;BVA_Krankheitsauswahl;;Morbi_Krankheiten;KNR222;VJ;245612
GKV;BVA_Krankheitsauswahl;;Morbi_Krankheiten;KNR223;VJ;3365625
GKV;BVA_Krankheitsauswahl;;Morbi_Krankheiten;KNR224;VJ;462386
GKV;BVA_Krankheitsauswahl;;Morbi_Krankheiten;KNR225;VJ;1561453
GKV;BVA_Krankheitsauswahl;;Morbi_Krankheiten;KNR226;VJ;117082
GKV;BVA_Krankheitsauswahl;;Morbi_Krankheiten;KNR227;VJ;462604
GKV;BVA_Krankheitsauswahl;;Morbi_Krankheiten;KNR228;VJ;152663
GKV;BVA_Krankheitsauswahl;;Morbi_Krankheiten;KNR229;VJ;1506242
GKV;BVA_Krankheitsauswahl;;Morbi_Krankheiten;KNR230;VJ;9528
GKV;BVA_Krankheitsauswahl;;Morbi_Krankheiten;KNR231;VJ;700483
GKV;BVA_Krankheitsauswahl;;Morbi_Krankheiten;KNR232;VJ;19346
GKV;BVA_Krankheitsauswahl;;Morbi_Krankheiten;KNR233;VJ;10958
GKV;BVA_Krankheitsauswahl;;Morbi_Krankheiten;KNR234;VJ;74585
GKV;BVA_Krankheitsauswahl;;Morbi_Krankheiten;KNR235;VJ;1341246
GKV;BVA_Krankheitsauswahl;;Morbi_Krankheiten;KNR236;VJ;17351
GKV;BVA_Krankheitsauswahl;;Morbi_Krankheiten;KNR237;VJ;419864
GKV;BVA_Krankheitsauswahl;;Morbi_Krankheiten;KNR238;VJ;699356
GKV;BVA_Krankheitsauswahl;;Morbi_Krankheiten;KNR239;VJ;5128
GKV;BVA_Krankheitsauswahl;;Morbi_Krankheiten;KNR240;VJ;207268
GKV;BVA_Krankheitsauswahl;;Morbi_Krankheiten;KNR241;VJ;188635
GKV;BVA_Krankheitsauswahl;;Morbi_Krankheiten;KNR242;VJ;294733
GKV;BVA_Krankheitsauswahl;;Morbi_Krankheiten;KNR243;VJ;223252
GKV;BVA_Krankheitsauswahl;;Morbi_Krankheiten;KNR244;VJ;55843
GKV;BVA_Krankheitsauswahl;;Morbi_Krankheiten;KNR245;VJ;258587
GKV;BVA_Krankheitsauswahl;;Morbi_Krankheiten;KNR246;VJ;7099468
GKV;BVA_Krankheitsauswahl;;Morbi_Krankheiten;KNR247;VJ;38756
GKV;BVA_Krankheitsauswahl;;Morbi_Krankheiten;KNR248;VJ;2183833
GKV;BVA_Krankheitsauswahl;;Morbi_Krankheiten;KNR249;VJ;1129226
GKV;BVA_Krankheitsauswahl;;Morbi_Krankheiten;KNR250;VJ;6303137
GKV;BVA_Krankheitsauswahl;;Morbi_Krankheiten;KNR251;VJ;3038268
GKV;BVA_Krankheitsauswahl;;Morbi_Krankheiten;KNR252;VJ;1661750
GKV;BVA_Krankheitsauswahl;;Morbi_Krankheiten;KNR253;VJ;1360802
GKV;BVA_Krankheitsauswahl;;Morbi_Krankheiten;KNR254;VJ;1711755
GKV;BVA_Krankheitsauswahl;;Morbi_Krankheiten;KNR255;VJ;3960209
GKV;BVA_Krankheitsauswahl;;Morbi_Krankheiten;KNR256;VJ;2692894
GKV;BVA_Krankheitsauswahl;;Morbi_Krankheiten;KNR257;VJ;114000
GKV;BVA_Krankheitsauswahl;;Morbi_Krankheiten;KNR258;VJ;783446
GKV;BVA_Krankheitsauswahl;;Morbi_Krankheiten;KNR259;VJ;24875
GKV;BVA_Krankheitsauswahl;;Morbi_Krankheiten;KNR260;VJ;4384122
GKV;BVA_Krankheitsauswahl;;Morbi_Krankheiten;KNR261;VJ;3287876
GKV;BVA_Krankheitsauswahl;;Morbi_Krankheiten;KNR262;VJ;1733489
GKV;BVA_Krankheitsauswahl;;Morbi_Krankheiten;KNR263;VJ;9444610
GKV;BVA_Krankheitsauswahl;;Morbi_Krankheiten;KNR264;VJ;1308504
GKV;BVA_Krankheitsauswahl;;Morbi_Krankheiten;KNR265;VJ;3115790
GKV;BVA_Krankheitsauswahl;;Morbi_Krankheiten;KNR266;VJ;2803950
GKV;BVA_Krankheitsauswahl;;Morbi_Krankheiten;KNR267;VJ;2283078
GKV;BVA_Krankheitsauswahl;;Morbi_Krankheiten;KNR268;VJ;16583
GKV;BVA_Krankheitsauswahl;;Morbi_Krankheiten;KNR269;VJ;157907
GKV;BVA_Krankheitsauswahl;;Morbi_Krankheiten;KNR270;VJ;3841907
GKV;BVA_Krankheitsauswahl;;Morbi_Krankheiten;KNR271;VJ;996918
GKV;BVA_Krankheitsauswahl;;Morbi_Krankheiten;KNR272;VJ;344853
GKV;BVA_Krankheitsauswahl;;Morbi_Krankheiten;KNR273;VJ;14236
GKV;BVA_Krankheitsauswahl;;Morbi_Krankheiten;KNR274;VJ;2961399
GKV;BVA_Krankheitsauswahl;;Morbi_Krankheiten;KNR275;VJ;854375
GKV;BVA_Krankheitsauswahl;;Morbi_Krankheiten;KNR276;VJ;1411409
GKV;BVA_Krankheitsauswahl;;Morbi_Krankheiten;KNR277;VJ;1463161
GKV;BVA_Krankheitsauswahl;;Morbi_Krankheiten;KNR278;VJ;393449
GKV;BVA_Krankheitsauswahl;;Morbi_Krankheiten;KNR279;VJ;116757
GKV;BVA_Krankheitsauswahl;;Morbi_Krankheiten;KNR280;VJ;231311
GKV;BVA_Krankheitsauswahl;;Morbi_Krankheiten;KNR281;VJ;8115
GKV;BVA_Krankheitsauswahl;;Morbi_Krankheiten;KNR282;VJ;1012379
GKV;BVA_Krankheitsauswahl;;Morbi_Krankheiten;KNR283;VJ;598073
GKV;BVA_Krankheitsauswahl;;Morbi_Krankheiten;KNR284;VJ;2427707
GKV;BVA_Krankheitsauswahl;;Morbi_Krankheiten;KNR285;VJ;287698
GKV;BVA_Krankheitsauswahl;;Morbi_Krankheiten;KNR286;VJ;680522
GKV;BVA_Krankheitsauswahl;;Morbi_Krankheiten;KNR287;VJ;53745
GKV;BVA_Krankheitsauswahl;;Morbi_Krankheiten;KNR288;VJ;105075
GKV;BVA_Krankheitsauswahl;;Morbi_Krankheiten;KNR289;VJ;80096
GKV;BVA_Krankheitsauswahl;;Morbi_Krankheiten;KNR290;VJ;727762
GKV;BVA_Krankheitsauswahl;;Morbi_Krankheiten;KNR291;VJ;170864
GKV;BVA_Krankheitsauswahl;;Morbi_Krankheiten;KNR292;VJ;514746
GKV;BVA_Krankheitsauswahl;;Morbi_Krankheiten;KNR293;VJ;20512
GKV;BVA_Krankheitsauswahl;;Morbi_Krankheiten;KNR294;VJ;276962
GKV;BVA_Krankheitsauswahl;;Morbi_Krankheiten;KNR295;VJ;3371298
GKV;BVA_Krankheitsauswahl;;Morbi_Krankheiten;KNR296;VJ;2945763
GKV;BVA_Krankheitsauswahl;;Morbi_Krankheiten;KNR297;VJ;50256
GKV;BVA_Krankheitsauswahl;;Morbi_Krankheiten;KNR298;VJ;2138845
GKV;BVA_Krankheitsauswahl;;Morbi_Krankheiten;KNR299;VJ;141056
GKV;BVA_Krankheitsauswahl;;Morbi_Krankheiten;KNR300;VJ;122226
GKV;BVA_Krankheitsauswahl;;Morbi_Krankheiten;KNR301;VJ;952349
GKV;BVA_Krankheitsauswahl;;Morbi_Krankheiten;KNR302;VJ;726975
GKV;BVA_Krankheitsauswahl;;Morbi_Krankheiten;KNR303;VJ;30398
GKV;BVA_Krankheitsauswahl;;Morbi_Krankheiten;KNR304;VJ;1077
GKV;BVA_Krankheitsauswahl;;Morbi_Krankheiten;KNR305;VJ;59281
GKV;BVA_Krankheitsauswahl;;Morbi_Krankheiten;KNR306;VJ;7518
GKV;BVA_Krankheitsauswahl;;Morbi_Krankheiten;KNR307;VJ;1130
GKV;BVA_Krankheitsauswahl;;Morbi_Krankheiten;KNR308;VJ;2487
GKV;BVA_Krankheitsauswahl;;Morbi_Krankheiten;KNR309;VJ;11559
GKV;BVA_Krankheitsauswahl;;Morbi_Krankheiten;KNR310;VJ;4997
GKV;BVA_Krankheitsauswahl;;Morbi_Krankheiten;KNR311;VJ;14836
GKV;BVA_Krankheitsauswahl;;Morbi_Krankheiten;KNR312;VJ;2429
GKV;BVA_Krankheitsauswahl;;Morbi_Krankheiten;KNR313;VJ;14128
GKV;BVA_Krankheitsauswahl;;Morbi_Krankheiten;KNR314;VJ;135223
GKV;BVA_Krankheitsauswahl;;Morbi_Krankheiten;KNR315;VJ;107890
GKV;BVA_Krankheitsauswahl;;Morbi_Krankheiten;KNR316;VJ;151789
GKV;BVA_Krankheitsauswahl;;Morbi_Krankheiten;KNR317;VJ;6454
GKV;BVA_Krankheitsauswahl;;Morbi_Krankheiten;KNR318;VJ;6797
GKV;BVA_Krankheitsauswahl;;Morbi_Krankheiten;KNR319;VJ;20990
GKV;BVA_Krankheitsauswahl;;Morbi_Krankheiten;KNR320;VJ;3473632
GKV;BVA_Krankheitsauswahl;;Morbi_Krankheiten;KNR321;VJ;34374
GKV;BVA_Krankheitsauswahl;;Morbi_Krankheiten;KNR322;VJ;50424
GKV;BVA_Krankheitsauswahl;;Morbi_Krankheiten;KNR323;VJ;16108
GKV;BVA_Krankheitsauswahl;;Morbi_Krankheiten;KNR324;VJ;11926
GKV;BVA_Krankheitsauswahl;;Morbi_Krankheiten;KNR325;VJ;16606
GKV;BVA_Krankheitsauswahl;;Morbi_Krankheiten;KNR327;VJ;48004
GKV;BVA_Krankheitsauswahl;;Morbi_Krankheiten;KNR328;VJ;89897
GKV;BVA_Krankheitsauswahl;;Morbi_Krankheiten;KNR329;VJ;209856
GKV;BVA_Krankheitsauswahl;;Morbi_Krankheiten;KNR330;VJ;455785
GKV;BVA_Krankheitsauswahl;;Morbi_Krankheiten;KNR331;VJ;3630
GKV;BVA_Krankheitsauswahl;;Morbi_Krankheiten;KNR332;VJ;94189
GKV;BVA_Krankheitsauswahl;;Morbi_Krankheiten;KNR333;VJ;43604
GKV;BVA_Krankheitsauswahl;;Morbi_Krankheiten;KNR334;VJ;72487
GKV;BVA_Krankheitsauswahl;;Morbi_Krankheiten;KNR335;VJ;230343
GKV;BVA_Krankheitsauswahl;;Morbi_Krankheiten;KNR336;VJ;61478
GKV;BVA_Krankheitsauswahl;;Morbi_Krankheiten;KNR337;VJ;65502
GKV;BVA_Krankheitsauswahl;;Morbi_Krankheiten;KNR338;VJ;388044
GKV;BVA_Krankheitsauswahl;;Morbi_Krankheiten;KNR339;VJ;720769
GKV;BVA_Krankheitsauswahl;;Morbi_Krankheiten;KNR340;VJ;55850
GKV;BVA_Krankheitsauswahl;;Morbi_Krankheiten;KNR341;VJ;92606
GKV;BVA_Krankheitsauswahl;;Morbi_Krankheiten;KNR342;VJ;247048
GKV;BVA_Krankheitsauswahl;;Morbi_Krankheiten;KNR343;VJ;20634
GKV;BVA_Krankheitsauswahl;;Morbi_Krankheiten;KNR344;VJ;170799
GKV;BVA_Krankheitsauswahl;;Morbi_Krankheiten;KNR345;VJ;114665
GKV;BVA_Krankheitsauswahl;;Morbi_Krankheiten;KNR346;VJ;146140
GKV;BVA_Krankheitsauswahl;;Morbi_Krankheiten;KNR347;VJ;119969
GKV;BVA_Krankheitsauswahl;;Morbi_Krankheiten;KNR349;VJ;64420
GKV;BVA_Krankheitsauswahl;;Morbi_Krankheiten;KNR351;VJ;1133
GKV;BVA_Krankheitsauswahl;;Morbi_Krankheiten;KNR352;VJ;209254
GKV;BVA_Krankheitsauswahl;;Morbi_Krankheiten;KNR353;VJ;8903
GKV;BVA_Krankheitsauswahl;;Morbi_Krankheiten;KNR354;VJ;47772
GKV;BVA_Krankheitsauswahl;;Morbi_Krankheiten;KNR355;VJ;1947136
GKV;BVA_Krankheitsauswahl;;Morbi_Krankheiten;KNR356;VJ;109929
GKV;BVA_Krankheitsauswahl;;Morbi_Krankheiten;KNR357;VJ;784086
GKV;BVA_Krankheitsauswahl;;Morbi_Krankheiten;KNR358;VJ;201060
GKV;BVA_Krankheitsauswahl;;Morbi_Krankheiten;KNR359;VJ;201004
GKV;BVA_Krankheitsauswahl;;Morbi_Krankheiten;KNR360;VJ;102045
GKV;BVA_Krankheitsauswahl;;Morbi_Krankheiten;KNR361;VJ;99528
GKV;BVA_Krankheitsauswahl;;Morbi_Krankheiten;KNR362;VJ;145044
GKV;BVA_Krankheitsauswahl;;Morbi_Krankheiten;KNR363;VJ;501010
GKV;BVA_Krankheitsauswahl;;Morbi_Krankheiten;KNR364;VJ;132269
GKV;BVA_Krankheitsauswahl;;Morbi_Krankheiten;KNR365;VJ;151680
GKV;BVA_Krankheitsauswahl;;Morbi_Krankheiten;KNR366;VJ;774922
GKV;BVA_Krankheitsauswahl;;Morbi_Krankheiten;KNR367;VJ;31847
GKV;BVA_Krankheitsauswahl;;Morbi_Krankheiten;KNR368;VJ;239671
GKV;BVA_Krankheitsauswahl;;Morbi_Krankheiten;KNR501;VJ;41144977
GKV;BVA_Krankheitsauswahl;;Morbi_Krankheiten;KNR502;VJ;558272
GKV;BVA_Krankheitsauswahl;;Morbi_Krankheiten;KNR503;VJ;0
GKV;GKV-SV-Booklet;21. Feb 19;Kosten_Verteilung;K1000;Versicherte;43178812
GKV;GKV-SV-Booklet;21. Feb 19;Kosten_Verteilung;K10000;Versicherte;4529593
GKV;GKV-SV-Booklet;21. Feb 19;Kosten_Verteilung;K100000;Versicherte;236790
GKV;GKV-SV-Booklet;21. Feb 19;Kosten_Verteilung;K2500;Versicherte;14892493
GKV;GKV-SV-Booklet;21. Feb 19;Kosten_Verteilung;K25000;Versicherte;2989315
GKV;GKV-SV-Booklet;21. Feb 19;Kosten_Verteilung;K5000;Versicherte;7325416
GKV;GKV-SV-Booklet;21. Feb 19;Kosten_Verteilung;K50000;Versicherte;777856
GKV;GKV-SV-Booklet;21. Feb 19;Kosten_Verteilung;K500000;Versicherte;60242
GKV;GKV-SV-Booklet;21. Feb 19;Kosten_Verteilung;Kmax;Versicherte;680
GKV;GKV-SV-Booklet;21. Feb 19;Zuweisung_Verteilung;Z1000;Versicherte;18593728
GKV;GKV-SV-Booklet;21. Feb 19;Zuweisung_Verteilung;Z2500;Versicherte;36046425
GKV;GKV-SV-Booklet;21. Feb 19;Zuweisung_Verteilung;Z5000;Versicherte;11596183
GKV;GKV-SV-Booklet;21. Feb 19;Zuweisung_Verteilung;Z10000;Versicherte;6402112
GKV;GKV-SV-Booklet;21. Feb 19;Zuweisung_Verteilung;Z25000;Versicherte;2422370
GKV;GKV-SV-Booklet;21. Feb 19;Zuweisung_Verteilung;Z50000;Versicherte;279191
GKV;GKV-SV-Booklet;21. Feb 19;Zuweisung_Verteilung;Z100000;Versicherte;73618
GKV;GKV-SV-Booklet;21. Feb 19;Zuweisung_Verteilung;Z250000;Versicherte;2159
GKV;GKV-SV-Booklet;21. Feb 19;Zuweisung_Verteilung;Zmax;Versicherte;2565
GKV;BVA_Gutachten;2017;AGG-N-HMG;AG1_NHMG0;Versicherte;10053625
GKV;BVA_Gutachten;2017;AGG-N-HMG;AG1_NHMG1bis5;Versicherte;1510360
GKV;BVA_Gutachten;2017;AGG-N-HMG;AG1_NHMGue5;Versicherte;5341
GKV;BVA_Gutachten;2017;AGG-N-HMG;Out_AG1_NHMG10bis15;Versicherte;45
GKV;BVA_Gutachten;2017;AGG-N-HMG;AG2_NHMG0;Versicherte;29020480
GKV;BVA_Gutachten;2017;AGG-N-HMG;AG2_NHMG1bis5;Versicherte;15274045
GKV;BVA_Gutachten;2017;AGG-N-HMG;AG2_NHMG6bis10;Versicherte;937634
GKV;BVA_Gutachten;2017;AGG-N-HMG;AG2_NHMGue10;Versicherte;26037
GKV;BVA_Gutachten;2017;AGG-N-HMG;Out_AG2_NHMGUE16;Versicherte;869
GKV;BVA_Gutachten;2017;AGG-N-HMG;AG3_NHMG0;Versicherte;2368951
GKV;BVA_Gutachten;2017;AGG-N-HMG;AG3_NHMG1bis5;Versicherte;9946770
GKV;BVA_Gutachten;2017;AGG-N-HMG;AG3_NHMG6bis10;Versicherte;3120024
GKV;BVA_Gutachten;2017;AGG-N-HMG;AG3_NHMGue10;Versicherte;165353
GKV;BVA_Gutachten;2017;AGG-N-HMG;Out_AG3_NHMGUE16;Versicherte;5996
GKV;GKV-SV-Booklet;31. Jan 17;N-HMG;NHMG0;Versicherte;43191433
GKV;GKV-SV-Booklet;31. Jan 17;N-HMG;NHMG1;Versicherte;12246544
GKV;GKV-SV-Booklet;31. Jan 17;N-HMG;NHMG2;Versicherte;6825673
GKV;GKV-SV-Booklet;31. Jan 17;N-HMG;NHMG3;Versicherte;4192875
GKV;GKV-SV-Booklet;31. Jan 17;N-HMG;NHMG4;Versicherte;2665075
GKV;GKV-SV-Booklet;31. Jan 17;N-HMG;NHMG5;Versicherte;1706066
GKV;GKV-SV-Booklet;31. Jan 17;N-HMG;NHMG6;Versicherte;1095619
GKV;GKV-SV-Booklet;31. Jan 17;N-HMG;NHMG7;Versicherte;698764
GKV;GKV-SV-Booklet;31. Jan 17;N-HMG;NHMG8;Versicherte;441691
GKV;GKV-SV-Booklet;31. Jan 17;N-HMG;NHMG9;Versicherte;275292
GKV;GKV-SV-Booklet;31. Jan 17;N-HMG;NHMG10;Versicherte;398905
GKV;KM6;2018;KVRegion;BaWue;Versicherte;9168717
GKV;KM6;2018;KVRegion;Bay;Versicherte;10851290
GKV;KM6;2018;KVRegion;Berl;Versicherte;3022270
GKV;KM6;2018;KVRegion;Bran;Versicherte;2227228
GKV;KM6;2018;KVRegion;Brem;Versicherte;582929
GKV;KM6;2018;KVRegion;Ham;Versicherte;1539663
GKV;KM6;2018;KVRegion;Hess;Versicherte;5275747
GKV;KM6;2018;KVRegion;MeckPom;Versicherte;1462757
GKV;KM6;2018;KVRegion;NiederS;Versicherte;6921283
GKV;KM6;2018;KVRegion;NordRh;Versicherte;8183855
GKV;KM6;2018;KVRegion;RheinlandPF;Versicherte;3379887
GKV;KM6;2018;KVRegion;Saarl;Versicherte;858836
GKV;KM6;2018;KVRegion;Sachsen;Versicherte;3745088
GKV;KM6;2018;KVRegion;SachsenA;Versicherte;2078616
GKV;KM6;2018;KVRegion;SchleHol;Versicherte;2450115
GKV;KM6;2018;KVRegion;Thuer;Versicherte;1974192
GKV;KM6;2018;KVRegion;WestLippe;Versicherte;7308741
GKV;Sondergutachten;;Hochkosten;HK25k;Versicherte;909963
GKV;Sondergutachten;;Hochkosten;HK100k;Versicherte;43226
GKV;Sondergutachten;;Hochkosten;HK250k;Versicherte;6617
GKV;Sondergutachten;;Hochkosten;HK500k;Versicherte;487
GKV;Sondergutachten;;Hochkosten;Hkmax;Versicherte;81
